"Method","Route","Category","Statuses","Content types","Query fields","Request schema","Response schema","Evidence files"
"GET","/","application","200;302","text/html; charset=utf-8","","","","automatic-gap-audit-v6.3-2026-08-13T07-37-33-328Z/manifests/checkpoint.json;automatic-gap-audit-v6.3-2026-08-13T07-37-33-328Z/network/NORMALIZED-CONTRACTS.json;checkpoint.json;controlled-rules-profiler-v6.4-2026-08-13T09-36-48-885Z/manifests/checkpoint.json;controlled-rules-profiler-v6.4-2026-08-13T09-36-48-885Z/network-schemas/CONTRACTS.json;controlled-rules-profiler-v6.4-2026-08-13T09-44-49-808Z/manifests/checkpoint.json;controlled-rules-profiler-v6.4-2026-08-13T09-44-49-808Z/network-schemas/CONTRACTS.json;controlled-rules-profiler-v6.4-2026-08-13T09-48-36-699Z/manifests/checkpoint.json;controlled-rules-profiler-v6.4-2026-08-13T09-48-36-699Z/network-schemas/CONTRACTS.json;guided-black-box-lab-v6-2026-08-13T07-24-17-010Z/manifests/run-checkpoint.json"
"GET","/about","application","200","text/html; charset=utf-8","","","","checkpoint.json"
"GET","/accessdenied","application","200","text/html; charset=utf-8","","","","automatic-gap-audit-v6.3-2026-08-13T07-37-33-328Z/manifests/checkpoint.json;automatic-gap-audit-v6.3-2026-08-13T07-37-33-328Z/network/NORMALIZED-CONTRACTS.json"
"GET","/accessibility","application","200","text/html; charset=utf-8","","","","checkpoint.json"
"GET","/accessibilitypolicy","application","200","text/html; charset=utf-8","","","","checkpoint.json"
"GET","/account/downloadinvoice/%7Bid%7D","application","200","application/pdf","","","","automatic-gap-audit-v6.3-2026-08-13T07-37-33-328Z/manifests/checkpoint.json;automatic-gap-audit-v6.3-2026-08-13T07-37-33-328Z/network/NORMALIZED-CONTRACTS.json"
"GET","/account/subscription","application","200","text/html; charset=utf-8","","","","automatic-gap-audit-v6.3-2026-08-13T07-37-33-328Z/manifests/checkpoint.json;automatic-gap-audit-v6.3-2026-08-13T07-37-33-328Z/network/NORMALIZED-CONTRACTS.json"
"GET","/account/subscriptionhistory","application","200","text/html; charset=utf-8","","","","automatic-gap-audit-v6.3-2026-08-13T07-37-33-328Z/manifests/checkpoint.json;automatic-gap-audit-v6.3-2026-08-13T07-37-33-328Z/network/NORMALIZED-CONTRACTS.json"
"GET","/account","application","200","text/html; charset=utf-8","","","","automatic-gap-audit-v6.3-2026-08-13T07-37-33-328Z/manifests/checkpoint.json;automatic-gap-audit-v6.3-2026-08-13T07-37-33-328Z/network/NORMALIZED-CONTRACTS.json;controlled-rules-profiler-v6.4-2026-08-13T09-36-48-885Z/manifests/checkpoint.json;controlled-rules-profiler-v6.4-2026-08-13T09-36-48-885Z/network-schemas/CONTRACTS.json;controlled-rules-profiler-v6.4-2026-08-13T09-44-49-808Z/manifests/checkpoint.json;controlled-rules-profiler-v6.4-2026-08-13T09-44-49-808Z/network-schemas/CONTRACTS.json;controlled-rules-profiler-v6.4-2026-08-13T09-48-36-699Z/manifests/checkpoint.json;controlled-rules-profiler-v6.4-2026-08-13T09-48-36-699Z/network-schemas/CONTRACTS.json"
"GET","/alerts/v2","application","200","text/html; charset=utf-8","","","","automatic-gap-audit-v6.3-2026-08-13T07-37-33-328Z/manifests/checkpoint.json;automatic-gap-audit-v6.3-2026-08-13T07-37-33-328Z/network/NORMALIZED-CONTRACTS.json"
"GET","/assets/add","application","200","text/html; charset=utf-8","","","","automatic-gap-audit-v6.3-2026-08-13T07-37-33-328Z/manifests/checkpoint.json;automatic-gap-audit-v6.3-2026-08-13T07-37-33-328Z/network/NORMALIZED-CONTRACTS.json;checkpoint.json;controlled-rules-profiler-v6.4-2026-08-13T09-36-48-885Z/manifests/checkpoint.json;controlled-rules-profiler-v6.4-2026-08-13T09-36-48-885Z/network-schemas/CONTRACTS.json;controlled-rules-profiler-v6.4-2026-08-13T09-44-49-808Z/manifests/checkpoint.json;controlled-rules-profiler-v6.4-2026-08-13T09-44-49-808Z/network-schemas/CONTRACTS.json;controlled-rules-profiler-v6.4-2026-08-13T09-48-36-699Z/manifests/checkpoint.json;controlled-rules-profiler-v6.4-2026-08-13T09-48-36-699Z/network-schemas/CONTRACTS.json"
"POST","/assets/add","application","302","","","present","","controlled-rules-profiler-v6.4-2026-08-13T09-44-49-808Z/manifests/checkpoint.json;controlled-rules-profiler-v6.4-2026-08-13T09-44-49-808Z/network-schemas/CONTRACTS.json;controlled-rules-profiler-v6.4-2026-08-13T09-48-36-699Z/manifests/checkpoint.json;controlled-rules-profiler-v6.4-2026-08-13T09-48-36-699Z/network-schemas/CONTRACTS.json"
"GET","/assets/customizeform","application","200","text/html; charset=utf-8","","","","automatic-gap-audit-v6.3-2026-08-13T07-37-33-328Z/manifests/checkpoint.json;automatic-gap-audit-v6.3-2026-08-13T07-37-33-328Z/network/NORMALIZED-CONTRACTS.json"
"GET","/assets/detail/%7Bid%7D","application","200;302","text/html; charset=utf-8","","","","automatic-gap-audit-v6.3-2026-08-13T07-37-33-328Z/manifests/checkpoint.json;automatic-gap-audit-v6.3-2026-08-13T07-37-33-328Z/network/NORMALIZED-CONTRACTS.json;checkpoint.json;controlled-rules-profiler-v6.4-2026-08-13T09-44-49-808Z/manifests/checkpoint.json;controlled-rules-profiler-v6.4-2026-08-13T09-44-49-808Z/network-schemas/CONTRACTS.json;controlled-rules-profiler-v6.4-2026-08-13T09-48-36-699Z/manifests/checkpoint.json;controlled-rules-profiler-v6.4-2026-08-13T09-48-36-699Z/network-schemas/CONTRACTS.json"
"GET","/assets/documents","application","200","text/html; charset=utf-8","","","","checkpoint.json"
"GET","/assets/edit/%7Bid%7D","application","200","text/html; charset=utf-8","","","","automatic-gap-audit-v6.3-2026-08-13T07-37-33-328Z/manifests/checkpoint.json;automatic-gap-audit-v6.3-2026-08-13T07-37-33-328Z/network/NORMALIZED-CONTRACTS.json;checkpoint.json;controlled-rules-profiler-v6.4-2026-08-13T09-44-49-808Z/manifests/checkpoint.json;controlled-rules-profiler-v6.4-2026-08-13T09-44-49-808Z/network-schemas/CONTRACTS.json;controlled-rules-profiler-v6.4-2026-08-13T09-48-36-699Z/manifests/checkpoint.json;controlled-rules-profiler-v6.4-2026-08-13T09-48-36-699Z/network-schemas/CONTRACTS.json"
"POST","/assets/edit/%7Bid%7D","application","302","","","present","","controlled-rules-profiler-v6.4-2026-08-13T09-44-49-808Z/manifests/checkpoint.json;controlled-rules-profiler-v6.4-2026-08-13T09-44-49-808Z/network-schemas/CONTRACTS.json;controlled-rules-profiler-v6.4-2026-08-13T09-48-36-699Z/manifests/checkpoint.json;controlled-rules-profiler-v6.4-2026-08-13T09-48-36-699Z/network-schemas/CONTRACTS.json"
"GET","/assets/events","application","200","text/html; charset=utf-8","","","","checkpoint.json"
"POST","/assets/fetchlistdata","application","200","text/html; charset=utf-8;application/vnd.openxmlformats-officedocument.spreadsheetml.sheet","","present","","automatic-gap-audit-v6.3-2026-08-13T07-37-33-328Z/manifests/checkpoint.json;automatic-gap-audit-v6.3-2026-08-13T07-37-33-328Z/network/NORMALIZED-CONTRACTS.json;checkpoint.json;controlled-rules-profiler-v6.4-2026-08-13T09-44-49-808Z/manifests/checkpoint.json;controlled-rules-profiler-v6.4-2026-08-13T09-44-49-808Z/network-schemas/CONTRACTS.json;controlled-rules-profiler-v6.4-2026-08-13T09-48-36-699Z/manifests/checkpoint.json;controlled-rules-profiler-v6.4-2026-08-13T09-48-36-699Z/network-schemas/CONTRACTS.json"
"GET","/assets/images","application","200","text/html; charset=utf-8","","","","checkpoint.json"
"GET","/assets/reservecalendardata","application","200","application/json; charset=utf-8","","","","checkpoint.json"
"GET","/assets","application","200","text/html; charset=utf-8","","","","automatic-gap-audit-v6.3-2026-08-13T07-37-33-328Z/manifests/checkpoint.json;automatic-gap-audit-v6.3-2026-08-13T07-37-33-328Z/network/NORMALIZED-CONTRACTS.json;checkpoint.json;controlled-rules-profiler-v6.4-2026-08-13T09-44-49-808Z/manifests/checkpoint.json;controlled-rules-profiler-v6.4-2026-08-13T09-44-49-808Z/network-schemas/CONTRACTS.json;controlled-rules-profiler-v6.4-2026-08-13T09-48-36-699Z/manifests/checkpoint.json;controlled-rules-profiler-v6.4-2026-08-13T09-48-36-699Z/network-schemas/CONTRACTS.json"
"GET","/atgtg/","application","200;204;304;302","application/javascript; charset=UTF-8;text/plain;text/html; charset=UTF-8","fps;is_td;v;t;pid;gtm;seq;exp;dl;tdp;frm;rtg;slo;hlo;lst;bt;ct;mde;z","","","automatic-gap-audit-v6.3-2026-08-13T07-37-33-328Z/manifests/checkpoint.json;automatic-gap-audit-v6.3-2026-08-13T07-37-33-328Z/network/NORMALIZED-CONTRACTS.json;checkpoint.json;controlled-rules-profiler-v6.4-2026-08-13T09-36-48-885Z/manifests/checkpoint.json;controlled-rules-profiler-v6.4-2026-08-13T09-36-48-885Z/network-schemas/CONTRACTS.json;controlled-rules-profiler-v6.4-2026-08-13T09-44-49-808Z/manifests/checkpoint.json;controlled-rules-profiler-v6.4-2026-08-13T09-44-49-808Z/network-schemas/CONTRACTS.json;controlled-rules-profiler-v6.4-2026-08-13T09-48-36-699Z/manifests/checkpoint.json;controlled-rules-profiler-v6.4-2026-08-13T09-48-36-699Z/network-schemas/CONTRACTS.json;guided-black-box-lab-v6-2026-08-13T07-24-17-010Z/manifests/run-checkpoint.json"
"GET","/atgtg/a","application","200","text/html","","","","automatic-gap-audit-v6.3-2026-08-13T07-37-33-328Z/manifests/checkpoint.json;automatic-gap-audit-v6.3-2026-08-13T07-37-33-328Z/network/NORMALIZED-CONTRACTS.json;checkpoint.json"
"POST","/atgtg/ag/g/c","application","204","text/plain","v;tid;gtm;_p;_gaz;gcd;npa;dma;gdid;_eu;_uip;are;cid;fp;frm;ir;pscdl;rcb;sr;uaa;uab;uafvl;uam;uamb;uap;uapv;uaw;ul;ur;_gsid;gaf;_s;tag_exp;uid;sid;sct;seg;dl;dr;dt;en;_fv;_nsi;_ss;gap.gtb;tfd;ae;epn.percent_scrolled;_et","","","automatic-gap-audit-v6.3-2026-08-13T07-37-33-328Z/manifests/checkpoint.json;automatic-gap-audit-v6.3-2026-08-13T07-37-33-328Z/network/NORMALIZED-CONTRACTS.json;checkpoint.json;controlled-rules-profiler-v6.4-2026-08-13T09-36-48-885Z/manifests/checkpoint.json;controlled-rules-profiler-v6.4-2026-08-13T09-36-48-885Z/network-schemas/CONTRACTS.json;controlled-rules-profiler-v6.4-2026-08-13T09-44-49-808Z/manifests/checkpoint.json;controlled-rules-profiler-v6.4-2026-08-13T09-44-49-808Z/network-schemas/CONTRACTS.json;controlled-rules-profiler-v6.4-2026-08-13T09-48-36-699Z/manifests/checkpoint.json;controlled-rules-profiler-v6.4-2026-08-13T09-48-36-699Z/network-schemas/CONTRACTS.json;guided-black-box-lab-v6-2026-08-13T07-24-17-010Z/manifests/run-checkpoint.json"
"GET","/atgtg/CshIfx4iO3v3IoM8CQCxrvGqdIhrtTcpaoCCw2hn-eqkK8_S","application","200","application/javascript; charset=UTF-8","","","","checkpoint.json"
"GET","/atgtg/CshIfx4iO3v3IoM8CQCxrvGqdIhrtTcpaoCCw2hn-eqmKh8kz9I","application","200","application/javascript; charset=UTF-8","","","","automatic-gap-audit-v6.3-2026-08-13T07-37-33-328Z/manifests/checkpoint.json;automatic-gap-audit-v6.3-2026-08-13T07-37-33-328Z/network/NORMALIZED-CONTRACTS.json"
"GET","/atgtg/CshIfx4iO3v3IoM8CQCxrvGqdIhrtTcpaoCCw2hn-eqnK1FwCmxBMKbP0g","application","200","application/javascript; charset=UTF-8","","","","controlled-rules-profiler-v6.4-2026-08-13T09-36-48-885Z/manifests/checkpoint.json;controlled-rules-profiler-v6.4-2026-08-13T09-36-48-885Z/network-schemas/CONTRACTS.json"
"GET","/atgtg/CshIfx4iO3v3IoM8CQCxrvGqdIhrtTcpaoCCw2hn-eqnK8_S","application","200","application/javascript; charset=UTF-8","","","","controlled-rules-profiler-v6.4-2026-08-13T09-44-49-808Z/manifests/checkpoint.json;controlled-rules-profiler-v6.4-2026-08-13T09-44-49-808Z/network-schemas/CONTRACTS.json;controlled-rules-profiler-v6.4-2026-08-13T09-48-36-699Z/manifests/checkpoint.json;controlled-rules-profiler-v6.4-2026-08-13T09-48-36-699Z/network-schemas/CONTRACTS.json"
"GET","/atgtg/CshIfx4iO3v3IoM8CQCxrvGqdIhrtTcpaoCCw2hn-eqnKs_S","application","200","application/javascript; charset=UTF-8","","","","checkpoint.json"
"GET","/atgtg/CshIfx4iO3v3IoM8CQCxrvGqdIhrtTcpaoCCw2hn-eqnKx8nz9I","application","200","application/javascript; charset=UTF-8","","","","guided-black-box-lab-v6-2026-08-13T07-24-17-010Z/manifests/run-checkpoint.json"
"GET","/atgtg/CshIfx4iPQHuUeVVB2PCrIvLZM1w8GlsK5Obk2E2quT9e0bP0g","application","200","application/javascript; charset=UTF-8","","","","checkpoint.json"
"GET","/atgtg/CshIfx4iPQHuUeVVB2PCrIvLZM1w8GlsK5Obk2E2quT9eEbP0g","application","200","application/javascript; charset=UTF-8","","","","controlled-rules-profiler-v6.4-2026-08-13T09-44-49-808Z/manifests/checkpoint.json;controlled-rules-profiler-v6.4-2026-08-13T09-44-49-808Z/network-schemas/CONTRACTS.json;controlled-rules-profiler-v6.4-2026-08-13T09-48-36-699Z/manifests/checkpoint.json;controlled-rules-profiler-v6.4-2026-08-13T09-48-36-699Z/network-schemas/CONTRACTS.json"
"GET","/atgtg/CshIfx4iPQHuUeVVB2PCrIvLZM1w8GlsK5Obk2E2quT9eEfP0g","application","200;304","application/javascript; charset=UTF-8","","","","checkpoint.json"
"GET","/atgtg/CshIfx4iPQHuUeVVB2PCrIvLZM1w8GlsK5Obk2E2quT9eEYwHG8Pa6UFz9I","application","200","application/javascript; charset=UTF-8","","","","controlled-rules-profiler-v6.4-2026-08-13T09-36-48-885Z/manifests/checkpoint.json;controlled-rules-profiler-v6.4-2026-08-13T09-36-48-885Z/network-schemas/CONTRACTS.json"
"GET","/atgtg/CshIfx4iPQHuUeVVB2PCrIvLZM1w8GlsK5Obk2E2quT9eEZ-S8_S","application","200","application/javascript; charset=UTF-8","","","","guided-black-box-lab-v6-2026-08-13T07-24-17-010Z/manifests/run-checkpoint.json"
"GET","/atgtg/CshIfx4iPQHuUeVVB2PCrIvLZM1w8GlsK5Obk2E2quT9eUd-SM_S","application","200","application/javascript; charset=UTF-8","","","","automatic-gap-audit-v6.3-2026-08-13T07-37-33-328Z/manifests/checkpoint.json;automatic-gap-audit-v6.3-2026-08-13T07-37-33-328Z/network/NORMALIZED-CONTRACTS.json"
"POST","/atgtg/d/ccm/form-data/%7Bid%7D","application","204","text/plain","gtm;gcd;dma;tag_exp;rcb;ga_uid;did;gdid;npa;frm;ae;pscdl;auid;uaa;uab;uafvl;uamb;uam;uap;uapv;uaw;gap.fsrc;gap.gtb;fmt;_uip","","","automatic-gap-audit-v6.3-2026-08-13T07-37-33-328Z/manifests/checkpoint.json;automatic-gap-audit-v6.3-2026-08-13T07-37-33-328Z/network/NORMALIZED-CONTRACTS.json;checkpoint.json;controlled-rules-profiler-v6.4-2026-08-13T09-36-48-885Z/manifests/checkpoint.json;controlled-rules-profiler-v6.4-2026-08-13T09-36-48-885Z/network-schemas/CONTRACTS.json;controlled-rules-profiler-v6.4-2026-08-13T09-44-49-808Z/manifests/checkpoint.json;controlled-rules-profiler-v6.4-2026-08-13T09-44-49-808Z/network-schemas/CONTRACTS.json;controlled-rules-profiler-v6.4-2026-08-13T09-48-36-699Z/manifests/checkpoint.json;controlled-rules-profiler-v6.4-2026-08-13T09-48-36-699Z/network-schemas/CONTRACTS.json"
"POST","/atgtg/d/pagead/form-data/%7Bid%7D","application","200","text/html; charset=UTF-8","gtm;gcd;dma;tag_exp;rcb;ga_uid;did;gdid;npa;frm;pscdl;ae;auid;uaa;uab;uafvl;uamb;uam;uap;uapv;uaw;gap.fsrc;gap.gtb;fmt","","","automatic-gap-audit-v6.3-2026-08-13T07-37-33-328Z/manifests/checkpoint.json;automatic-gap-audit-v6.3-2026-08-13T07-37-33-328Z/network/NORMALIZED-CONTRACTS.json;checkpoint.json;controlled-rules-profiler-v6.4-2026-08-13T09-36-48-885Z/manifests/checkpoint.json;controlled-rules-profiler-v6.4-2026-08-13T09-36-48-885Z/network-schemas/CONTRACTS.json;controlled-rules-profiler-v6.4-2026-08-13T09-44-49-808Z/manifests/checkpoint.json;controlled-rules-profiler-v6.4-2026-08-13T09-44-49-808Z/network-schemas/CONTRACTS.json;controlled-rules-profiler-v6.4-2026-08-13T09-48-36-699Z/manifests/checkpoint.json;controlled-rules-profiler-v6.4-2026-08-13T09-48-36-699Z/network-schemas/CONTRACTS.json"
"GET","/atgtg/td","application","204","text/plain","id;v;t;pid;gtm;seq;exp;dl;tdp;frm;rtg;slo;hlo;lst;pcid;bt;ct;z;mde","","","automatic-gap-audit-v6.3-2026-08-13T07-37-33-328Z/manifests/checkpoint.json;automatic-gap-audit-v6.3-2026-08-13T07-37-33-328Z/network/NORMALIZED-CONTRACTS.json;checkpoint.json;controlled-rules-profiler-v6.4-2026-08-13T09-36-48-885Z/manifests/checkpoint.json;controlled-rules-profiler-v6.4-2026-08-13T09-36-48-885Z/network-schemas/CONTRACTS.json;controlled-rules-profiler-v6.4-2026-08-13T09-44-49-808Z/manifests/checkpoint.json;controlled-rules-profiler-v6.4-2026-08-13T09-44-49-808Z/network-schemas/CONTRACTS.json;controlled-rules-profiler-v6.4-2026-08-13T09-48-36-699Z/manifests/checkpoint.json;controlled-rules-profiler-v6.4-2026-08-13T09-48-36-699Z/network-schemas/CONTRACTS.json"
"POST","/categories/categories","application","200","text/html; charset=utf-8","","","","automatic-gap-audit-v6.3-2026-08-13T07-37-33-328Z/manifests/checkpoint.json;automatic-gap-audit-v6.3-2026-08-13T07-37-33-328Z/network/NORMALIZED-CONTRACTS.json"
"GET","/categories","application","200","text/html; charset=utf-8","","","","automatic-gap-audit-v6.3-2026-08-13T07-37-33-328Z/manifests/checkpoint.json;automatic-gap-audit-v6.3-2026-08-13T07-37-33-328Z/network/NORMALIZED-CONTRACTS.json;checkpoint.json"
"POST","/chatHub/negotiate","application","200","application/json","","","present","automatic-gap-audit-v6.3-2026-08-13T07-37-33-328Z/manifests/checkpoint.json;automatic-gap-audit-v6.3-2026-08-13T07-37-33-328Z/network/NORMALIZED-CONTRACTS.json;checkpoint.json"
"GET","/chatHub","application","404;200","text/plain;text/event-stream","","","","automatic-gap-audit-v6.3-2026-08-13T07-37-33-328Z/manifests/checkpoint.json;automatic-gap-audit-v6.3-2026-08-13T07-37-33-328Z/network/NORMALIZED-CONTRACTS.json;checkpoint.json"
"POST","/chatHub","application","404;200","text/plain","","","","checkpoint.json"
"GET","/checkin/requestdata","application","200","application/json; charset=utf-8","","","","checkpoint.json"
"GET","/checkin","application","200","text/html; charset=utf-8","","","","automatic-gap-audit-v6.3-2026-08-13T07-37-33-328Z/manifests/checkpoint.json;automatic-gap-audit-v6.3-2026-08-13T07-37-33-328Z/network/NORMALIZED-CONTRACTS.json;checkpoint.json"
"GET","/checkout/requestdata","application","200","application/json; charset=utf-8","","","","checkpoint.json"
"GET","/checkout","application","200","text/html; charset=utf-8","","","","automatic-gap-audit-v6.3-2026-08-13T07-37-33-328Z/manifests/checkpoint.json;automatic-gap-audit-v6.3-2026-08-13T07-37-33-328Z/network/NORMALIZED-CONTRACTS.json;checkpoint.json"
"GET","/company","application","200","text/html; charset=utf-8","","","","automatic-gap-audit-v6.3-2026-08-13T07-37-33-328Z/manifests/checkpoint.json;automatic-gap-audit-v6.3-2026-08-13T07-37-33-328Z/network/NORMALIZED-CONTRACTS.json;checkpoint.json;controlled-rules-profiler-v6.4-2026-08-13T09-36-48-885Z/manifests/checkpoint.json;controlled-rules-profiler-v6.4-2026-08-13T09-36-48-885Z/network-schemas/CONTRACTS.json;controlled-rules-profiler-v6.4-2026-08-13T09-44-49-808Z/manifests/checkpoint.json;controlled-rules-profiler-v6.4-2026-08-13T09-44-49-808Z/network-schemas/CONTRACTS.json;controlled-rules-profiler-v6.4-2026-08-13T09-48-36-699Z/manifests/checkpoint.json;controlled-rules-profiler-v6.4-2026-08-13T09-48-36-699Z/network-schemas/CONTRACTS.json"
"GET","/contact","application","200","text/html; charset=utf-8","","","","checkpoint.json"
"GET","/contracts/customizeform","application","200","text/html; charset=utf-8","","","","automatic-gap-audit-v6.3-2026-08-13T07-37-33-328Z/manifests/checkpoint.json;automatic-gap-audit-v6.3-2026-08-13T07-37-33-328Z/network/NORMALIZED-CONTRACTS.json"
"GET","/contracts","application","302","","","","","automatic-gap-audit-v6.3-2026-08-13T07-37-33-328Z/manifests/checkpoint.json;automatic-gap-audit-v6.3-2026-08-13T07-37-33-328Z/network/NORMALIZED-CONTRACTS.json"
"GET","/dashboard/calendardata","application","200","application/json; charset=utf-8","start;end","","present","automatic-gap-audit-v6.3-2026-08-13T07-37-33-328Z/manifests/checkpoint.json;automatic-gap-audit-v6.3-2026-08-13T07-37-33-328Z/network/NORMALIZED-CONTRACTS.json;checkpoint.json;controlled-rules-profiler-v6.4-2026-08-13T09-36-48-885Z/manifests/checkpoint.json;controlled-rules-profiler-v6.4-2026-08-13T09-36-48-885Z/network-schemas/CONTRACTS.json;controlled-rules-profiler-v6.4-2026-08-13T09-44-49-808Z/manifests/checkpoint.json;controlled-rules-profiler-v6.4-2026-08-13T09-44-49-808Z/network-schemas/CONTRACTS.json;controlled-rules-profiler-v6.4-2026-08-13T09-48-36-699Z/manifests/checkpoint.json;controlled-rules-profiler-v6.4-2026-08-13T09-48-36-699Z/network-schemas/CONTRACTS.json;guided-black-box-lab-v6-2026-08-13T07-24-17-010Z/manifests/run-checkpoint.json"
"GET","/dashboard/currentusagecontent","application","200","text/html; charset=utf-8","","","","automatic-gap-audit-v6.3-2026-08-13T07-37-33-328Z/manifests/checkpoint.json;automatic-gap-audit-v6.3-2026-08-13T07-37-33-328Z/network/NORMALIZED-CONTRACTS.json"
"GET","/dashboard/feedcheckin","application","200","text/html; charset=utf-8","","","","checkpoint.json"
"GET","/dashboard/manage","application","200","text/html; charset=utf-8","","","","automatic-gap-audit-v6.3-2026-08-13T07-37-33-328Z/manifests/checkpoint.json;automatic-gap-audit-v6.3-2026-08-13T07-37-33-328Z/network/NORMALIZED-CONTRACTS.json;checkpoint.json"
"GET","/dashboard","application","200","text/html; charset=utf-8","","","","automatic-gap-audit-v6.3-2026-08-13T07-37-33-328Z/manifests/checkpoint.json;automatic-gap-audit-v6.3-2026-08-13T07-37-33-328Z/network/NORMALIZED-CONTRACTS.json;checkpoint.json;controlled-rules-profiler-v6.4-2026-08-13T09-36-48-885Z/manifests/checkpoint.json;controlled-rules-profiler-v6.4-2026-08-13T09-36-48-885Z/network-schemas/CONTRACTS.json;controlled-rules-profiler-v6.4-2026-08-13T09-44-49-808Z/manifests/checkpoint.json;controlled-rules-profiler-v6.4-2026-08-13T09-44-49-808Z/network-schemas/CONTRACTS.json;controlled-rules-profiler-v6.4-2026-08-13T09-48-36-699Z/manifests/checkpoint.json;controlled-rules-profiler-v6.4-2026-08-13T09-48-36-699Z/network-schemas/CONTRACTS.json;guided-black-box-lab-v6-2026-08-13T07-24-17-010Z/manifests/run-checkpoint.json"
"POST","/department/departments","application","200","text/html; charset=utf-8","","","","automatic-gap-audit-v6.3-2026-08-13T07-37-33-328Z/manifests/checkpoint.json;automatic-gap-audit-v6.3-2026-08-13T07-37-33-328Z/network/NORMALIZED-CONTRACTS.json"
"GET","/department","application","200","text/html; charset=utf-8","","","","automatic-gap-audit-v6.3-2026-08-13T07-37-33-328Z/manifests/checkpoint.json;automatic-gap-audit-v6.3-2026-08-13T07-37-33-328Z/network/NORMALIZED-CONTRACTS.json;checkpoint.json"
"GET","/dispose/requestdata","application","200","application/json; charset=utf-8","","","","checkpoint.json"
"GET","/dispose","application","200","text/html; charset=utf-8","","","","automatic-gap-audit-v6.3-2026-08-13T07-37-33-328Z/manifests/checkpoint.json;automatic-gap-audit-v6.3-2026-08-13T07-37-33-328Z/network/NORMALIZED-CONTRACTS.json;checkpoint.json"
"GET","/documents","application","200","text/html; charset=utf-8","","","","automatic-gap-audit-v6.3-2026-08-13T07-37-33-328Z/manifests/checkpoint.json;automatic-gap-audit-v6.3-2026-08-13T07-37-33-328Z/network/NORMALIZED-CONTRACTS.json"
"GET","/export","application","200","text/html; charset=utf-8","","","","automatic-gap-audit-v6.3-2026-08-13T07-37-33-328Z/manifests/checkpoint.json;automatic-gap-audit-v6.3-2026-08-13T07-37-33-328Z/network/NORMALIZED-CONTRACTS.json"
"GET","/favicon/site.webmanifest","application","200","application/manifest+json","","","present","automatic-gap-audit-v6.3-2026-08-13T07-37-33-328Z/manifests/checkpoint.json;automatic-gap-audit-v6.3-2026-08-13T07-37-33-328Z/network/NORMALIZED-CONTRACTS.json;checkpoint.json;controlled-rules-profiler-v6.4-2026-08-13T09-36-48-885Z/manifests/checkpoint.json;controlled-rules-profiler-v6.4-2026-08-13T09-36-48-885Z/network-schemas/CONTRACTS.json;controlled-rules-profiler-v6.4-2026-08-13T09-44-49-808Z/manifests/checkpoint.json;controlled-rules-profiler-v6.4-2026-08-13T09-44-49-808Z/network-schemas/CONTRACTS.json;controlled-rules-profiler-v6.4-2026-08-13T09-48-36-699Z/manifests/checkpoint.json;controlled-rules-profiler-v6.4-2026-08-13T09-48-36-699Z/network-schemas/CONTRACTS.json;guided-black-box-lab-v6-2026-08-13T07-24-17-010Z/manifests/run-checkpoint.json"
"GET","/gallery/fetchimages","application","200","application/json; charset=utf-8","","","present","automatic-gap-audit-v6.3-2026-08-13T07-37-33-328Z/manifests/checkpoint.json;automatic-gap-audit-v6.3-2026-08-13T07-37-33-328Z/network/NORMALIZED-CONTRACTS.json;checkpoint.json"
"GET","/gallery","application","200","text/html; charset=utf-8","","","","automatic-gap-audit-v6.3-2026-08-13T07-37-33-328Z/manifests/checkpoint.json;automatic-gap-audit-v6.3-2026-08-13T07-37-33-328Z/network/NORMALIZED-CONTRACTS.json"
"GET","/groupmanager","application","200","text/html; charset=utf-8","","","","automatic-gap-audit-v6.3-2026-08-13T07-37-33-328Z/manifests/checkpoint.json;automatic-gap-audit-v6.3-2026-08-13T07-37-33-328Z/network/NORMALIZED-CONTRACTS.json;controlled-rules-profiler-v6.4-2026-08-13T09-36-48-885Z/manifests/checkpoint.json;controlled-rules-profiler-v6.4-2026-08-13T09-36-48-885Z/network-schemas/CONTRACTS.json;controlled-rules-profiler-v6.4-2026-08-13T09-44-49-808Z/manifests/checkpoint.json;controlled-rules-profiler-v6.4-2026-08-13T09-44-49-808Z/network-schemas/CONTRACTS.json;controlled-rules-profiler-v6.4-2026-08-13T09-48-36-699Z/manifests/checkpoint.json;controlled-rules-profiler-v6.4-2026-08-13T09-48-36-699Z/network-schemas/CONTRACTS.json"
"POST","/import/template","application","200","application/excel","","","","automatic-gap-audit-v6.3-2026-08-13T07-37-33-328Z/manifests/checkpoint.json;automatic-gap-audit-v6.3-2026-08-13T07-37-33-328Z/network/NORMALIZED-CONTRACTS.json;checkpoint.json"
"GET","/import","application","200","text/html; charset=utf-8","","","","automatic-gap-audit-v6.3-2026-08-13T07-37-33-328Z/manifests/checkpoint.json;automatic-gap-audit-v6.3-2026-08-13T07-37-33-328Z/network/NORMALIZED-CONTRACTS.json;checkpoint.json"
"GET","/lease/requestdata","application","200","application/json; charset=utf-8","","","","checkpoint.json"
"GET","/lease","application","200","text/html; charset=utf-8","","","","automatic-gap-audit-v6.3-2026-08-13T07-37-33-328Z/manifests/checkpoint.json;automatic-gap-audit-v6.3-2026-08-13T07-37-33-328Z/network/NORMALIZED-CONTRACTS.json;checkpoint.json"
"GET","/leasereturn/requestdata","application","200","application/json; charset=utf-8","","","","checkpoint.json"
"GET","/leasereturn","application","200","text/html; charset=utf-8","","","","automatic-gap-audit-v6.3-2026-08-13T07-37-33-328Z/manifests/checkpoint.json;automatic-gap-audit-v6.3-2026-08-13T07-37-33-328Z/network/NORMALIZED-CONTRACTS.json;checkpoint.json"
"GET","/locations","application","200","text/html; charset=utf-8","","","","automatic-gap-audit-v6.3-2026-08-13T07-37-33-328Z/manifests/checkpoint.json;automatic-gap-audit-v6.3-2026-08-13T07-37-33-328Z/network/NORMALIZED-CONTRACTS.json;checkpoint.json"
"GET","/log","application","200","text/html; charset=utf-8","","","","checkpoint.json"
"POST","/login","application","200","text/html; charset=utf-8","","present","","automatic-gap-audit-v6.3-2026-08-13T07-37-33-328Z/manifests/checkpoint.json;automatic-gap-audit-v6.3-2026-08-13T07-37-33-328Z/network/NORMALIZED-CONTRACTS.json;checkpoint.json;controlled-rules-profiler-v6.4-2026-08-13T09-36-48-885Z/manifests/checkpoint.json;controlled-rules-profiler-v6.4-2026-08-13T09-36-48-885Z/network-schemas/CONTRACTS.json;controlled-rules-profiler-v6.4-2026-08-13T09-44-49-808Z/manifests/checkpoint.json;controlled-rules-profiler-v6.4-2026-08-13T09-44-49-808Z/network-schemas/CONTRACTS.json;guided-black-box-lab-v6-2026-08-13T07-24-17-010Z/manifests/run-checkpoint.json"
"GET","/maintenance/requestdata","application","200","application/json; charset=utf-8","","","","checkpoint.json"
"GET","/maintenance","application","200","text/html; charset=utf-8","","","","automatic-gap-audit-v6.3-2026-08-13T07-37-33-328Z/manifests/checkpoint.json;automatic-gap-audit-v6.3-2026-08-13T07-37-33-328Z/network/NORMALIZED-CONTRACTS.json;checkpoint.json"
"GET","/move/requestdata","application","200","application/json; charset=utf-8","","","","checkpoint.json"
"GET","/move","application","200","text/html; charset=utf-8","","","","automatic-gap-audit-v6.3-2026-08-13T07-37-33-328Z/manifests/checkpoint.json;automatic-gap-audit-v6.3-2026-08-13T07-37-33-328Z/network/NORMALIZED-CONTRACTS.json;checkpoint.json"
"GET","/options","application","200","text/html; charset=utf-8","","","","automatic-gap-audit-v6.3-2026-08-13T07-37-33-328Z/manifests/checkpoint.json;automatic-gap-audit-v6.3-2026-08-13T07-37-33-328Z/network/NORMALIZED-CONTRACTS.json;checkpoint.json"
"GET","/pagenotfound/index","application","200","text/html; charset=utf-8","","","","automatic-gap-audit-v6.3-2026-08-13T07-37-33-328Z/manifests/checkpoint.json;automatic-gap-audit-v6.3-2026-08-13T07-37-33-328Z/network/NORMALIZED-CONTRACTS.json;checkpoint.json;controlled-rules-profiler-v6.4-2026-08-13T09-36-48-885Z/manifests/checkpoint.json;controlled-rules-profiler-v6.4-2026-08-13T09-36-48-885Z/network-schemas/CONTRACTS.json;controlled-rules-profiler-v6.4-2026-08-13T09-44-49-808Z/manifests/checkpoint.json;controlled-rules-profiler-v6.4-2026-08-13T09-44-49-808Z/network-schemas/CONTRACTS.json;guided-black-box-lab-v6-2026-08-13T07-24-17-010Z/manifests/run-checkpoint.json"
"GET","/persons/customizeform","application","200","text/html; charset=utf-8","","","","automatic-gap-audit-v6.3-2026-08-13T07-37-33-328Z/manifests/checkpoint.json;automatic-gap-audit-v6.3-2026-08-13T07-37-33-328Z/network/NORMALIZED-CONTRACTS.json"
"POST","/persons/fetchlistdata","application","200","text/html; charset=utf-8","","","","automatic-gap-audit-v6.3-2026-08-13T07-37-33-328Z/manifests/checkpoint.json;automatic-gap-audit-v6.3-2026-08-13T07-37-33-328Z/network/NORMALIZED-CONTRACTS.json"
"GET","/persons/form","application","200","text/html; charset=utf-8","","","","automatic-gap-audit-v6.3-2026-08-13T07-37-33-328Z/manifests/checkpoint.json;automatic-gap-audit-v6.3-2026-08-13T07-37-33-328Z/network/NORMALIZED-CONTRACTS.json"
"GET","/persons","application","200","text/html; charset=utf-8","","","","automatic-gap-audit-v6.3-2026-08-13T07-37-33-328Z/manifests/checkpoint.json;automatic-gap-audit-v6.3-2026-08-13T07-37-33-328Z/network/NORMALIZED-CONTRACTS.json"
"GET","/privacy","application","200","text/html; charset=utf-8","","","","checkpoint.json"
"GET","/profile","application","200","text/html; charset=utf-8","","","","automatic-gap-audit-v6.3-2026-08-13T07-37-33-328Z/manifests/checkpoint.json;automatic-gap-audit-v6.3-2026-08-13T07-37-33-328Z/network/NORMALIZED-CONTRACTS.json;controlled-rules-profiler-v6.4-2026-08-13T09-36-48-885Z/manifests/checkpoint.json;controlled-rules-profiler-v6.4-2026-08-13T09-36-48-885Z/network-schemas/CONTRACTS.json;controlled-rules-profiler-v6.4-2026-08-13T09-44-49-808Z/manifests/checkpoint.json;controlled-rules-profiler-v6.4-2026-08-13T09-44-49-808Z/network-schemas/CONTRACTS.json;controlled-rules-profiler-v6.4-2026-08-13T09-48-36-699Z/manifests/checkpoint.json;controlled-rules-profiler-v6.4-2026-08-13T09-48-36-699Z/network-schemas/CONTRACTS.json"
"GET","/reportaccessibilityissue","application","200","text/html; charset=utf-8","","","","checkpoint.json"
"GET","/reports/assetbyassettag","application","200","text/html; charset=utf-8","","","","automatic-gap-audit-v6.3-2026-08-13T07-37-33-328Z/manifests/checkpoint.json;automatic-gap-audit-v6.3-2026-08-13T07-37-33-328Z/network/NORMALIZED-CONTRACTS.json"
"POST","/reports/assetbyassettag","application","200","text/html; charset=utf-8","","","","automatic-gap-audit-v6.3-2026-08-13T07-37-33-328Z/manifests/checkpoint.json;automatic-gap-audit-v6.3-2026-08-13T07-37-33-328Z/network/NORMALIZED-CONTRACTS.json"
"POST","/reports/assetbyassettagcontent","application","200","text/html; charset=utf-8","","","","automatic-gap-audit-v6.3-2026-08-13T07-37-33-328Z/manifests/checkpoint.json;automatic-gap-audit-v6.3-2026-08-13T07-37-33-328Z/network/NORMALIZED-CONTRACTS.json"
"GET","/reports/assetbycategory","application","200","text/html; charset=utf-8","","","","automatic-gap-audit-v6.3-2026-08-13T07-37-33-328Z/manifests/checkpoint.json;automatic-gap-audit-v6.3-2026-08-13T07-37-33-328Z/network/NORMALIZED-CONTRACTS.json"
"GET","/reports/assetbydepartment","application","200","text/html; charset=utf-8","","","","automatic-gap-audit-v6.3-2026-08-13T07-37-33-328Z/manifests/checkpoint.json;automatic-gap-audit-v6.3-2026-08-13T07-37-33-328Z/network/NORMALIZED-CONTRACTS.json"
"GET","/reports/assetbylink","application","200","text/html; charset=utf-8","","","","automatic-gap-audit-v6.3-2026-08-13T07-37-33-328Z/manifests/checkpoint.json;automatic-gap-audit-v6.3-2026-08-13T07-37-33-328Z/network/NORMALIZED-CONTRACTS.json"
"GET","/reports/assetbysitelocation","application","200","text/html; charset=utf-8","","","","automatic-gap-audit-v6.3-2026-08-13T07-37-33-328Z/manifests/checkpoint.json;automatic-gap-audit-v6.3-2026-08-13T07-37-33-328Z/network/NORMALIZED-CONTRACTS.json"
"GET","/reports/assetbywarrantyinfo","application","200","text/html; charset=utf-8","","","","automatic-gap-audit-v6.3-2026-08-13T07-37-33-328Z/manifests/checkpoint.json;automatic-gap-audit-v6.3-2026-08-13T07-37-33-328Z/network/NORMALIZED-CONTRACTS.json"
"POST","/reports/assetbywarrantyinfo","application","200","text/html; charset=utf-8","","","","automatic-gap-audit-v6.3-2026-08-13T07-37-33-328Z/manifests/checkpoint.json;automatic-gap-audit-v6.3-2026-08-13T07-37-33-328Z/network/NORMALIZED-CONTRACTS.json"
"GET","/reports/assetsbytagwithpictures","application","200","text/html; charset=utf-8","","","","automatic-gap-audit-v6.3-2026-08-13T07-37-33-328Z/manifests/checkpoint.json;automatic-gap-audit-v6.3-2026-08-13T07-37-33-328Z/network/NORMALIZED-CONTRACTS.json"
"POST","/reports/assetsbytagwithpictures","application","200","text/html; charset=utf-8","","","","automatic-gap-audit-v6.3-2026-08-13T07-37-33-328Z/manifests/checkpoint.json;automatic-gap-audit-v6.3-2026-08-13T07-37-33-328Z/network/NORMALIZED-CONTRACTS.json"
"POST","/reports/assetsbytagwithpicturescontent","application","200","text/html; charset=utf-8","","","","automatic-gap-audit-v6.3-2026-08-13T07-37-33-328Z/manifests/checkpoint.json;automatic-gap-audit-v6.3-2026-08-13T07-37-33-328Z/network/NORMALIZED-CONTRACTS.json"
"GET","/reports/auditbyassettag","application","200","text/html; charset=utf-8","","","","automatic-gap-audit-v6.3-2026-08-13T07-37-33-328Z/manifests/checkpoint.json;automatic-gap-audit-v6.3-2026-08-13T07-37-33-328Z/network/NORMALIZED-CONTRACTS.json"
"POST","/reports/auditbyassettag","application","200","text/html; charset=utf-8","","","","automatic-gap-audit-v6.3-2026-08-13T07-37-33-328Z/manifests/checkpoint.json;automatic-gap-audit-v6.3-2026-08-13T07-37-33-328Z/network/NORMALIZED-CONTRACTS.json"
"GET","/reports/auditbydate","application","200","text/html; charset=utf-8","","","","automatic-gap-audit-v6.3-2026-08-13T07-37-33-328Z/manifests/checkpoint.json;automatic-gap-audit-v6.3-2026-08-13T07-37-33-328Z/network/NORMALIZED-CONTRACTS.json"
"POST","/reports/auditbydate","application","200","text/html; charset=utf-8","","","","automatic-gap-audit-v6.3-2026-08-13T07-37-33-328Z/manifests/checkpoint.json;automatic-gap-audit-v6.3-2026-08-13T07-37-33-328Z/network/NORMALIZED-CONTRACTS.json"
"GET","/reports/auditbydiscrepancy","application","200","text/html; charset=utf-8","","","","automatic-gap-audit-v6.3-2026-08-13T07-37-33-328Z/manifests/checkpoint.json;automatic-gap-audit-v6.3-2026-08-13T07-37-33-328Z/network/NORMALIZED-CONTRACTS.json"
"POST","/reports/auditbydiscrepancy","application","200","text/html; charset=utf-8","","","","automatic-gap-audit-v6.3-2026-08-13T07-37-33-328Z/manifests/checkpoint.json;automatic-gap-audit-v6.3-2026-08-13T07-37-33-328Z/network/NORMALIZED-CONTRACTS.json"
"GET","/reports/auditbyfund","application","200","text/html; charset=utf-8","","","","automatic-gap-audit-v6.3-2026-08-13T07-37-33-328Z/manifests/checkpoint.json;automatic-gap-audit-v6.3-2026-08-13T07-37-33-328Z/network/NORMALIZED-CONTRACTS.json"
"GET","/reports/auditbysitelocation","application","200","text/html; charset=utf-8","","","","automatic-gap-audit-v6.3-2026-08-13T07-37-33-328Z/manifests/checkpoint.json;automatic-gap-audit-v6.3-2026-08-13T07-37-33-328Z/network/NORMALIZED-CONTRACTS.json"
"GET","/reports/automatedreportslist","application","200","text/html; charset=utf-8","","","","automatic-gap-audit-v6.3-2026-08-13T07-37-33-328Z/manifests/checkpoint.json;automatic-gap-audit-v6.3-2026-08-13T07-37-33-328Z/network/NORMALIZED-CONTRACTS.json"
"GET","/reports/checkoutbyassettag","application","200","text/html; charset=utf-8","","","","automatic-gap-audit-v6.3-2026-08-13T07-37-33-328Z/manifests/checkpoint.json;automatic-gap-audit-v6.3-2026-08-13T07-37-33-328Z/network/NORMALIZED-CONTRACTS.json"
"POST","/reports/checkoutbyassettag","application","200","text/html; charset=utf-8","","","","automatic-gap-audit-v6.3-2026-08-13T07-37-33-328Z/manifests/checkpoint.json;automatic-gap-audit-v6.3-2026-08-13T07-37-33-328Z/network/NORMALIZED-CONTRACTS.json"
"GET","/reports/checkoutbyduedate","application","200","text/html; charset=utf-8","","","","automatic-gap-audit-v6.3-2026-08-13T07-37-33-328Z/manifests/checkpoint.json;automatic-gap-audit-v6.3-2026-08-13T07-37-33-328Z/network/NORMALIZED-CONTRACTS.json"
"POST","/reports/checkoutbyduedate","application","200","text/html; charset=utf-8","","","","automatic-gap-audit-v6.3-2026-08-13T07-37-33-328Z/manifests/checkpoint.json;automatic-gap-audit-v6.3-2026-08-13T07-37-33-328Z/network/NORMALIZED-CONTRACTS.json"
"GET","/reports/checkoutbypastdue","application","200","text/html; charset=utf-8","","","","automatic-gap-audit-v6.3-2026-08-13T07-37-33-328Z/manifests/checkpoint.json;automatic-gap-audit-v6.3-2026-08-13T07-37-33-328Z/network/NORMALIZED-CONTRACTS.json"
"POST","/reports/checkoutbypastdue","application","200","text/html; charset=utf-8","","","","automatic-gap-audit-v6.3-2026-08-13T07-37-33-328Z/manifests/checkpoint.json;automatic-gap-audit-v6.3-2026-08-13T07-37-33-328Z/network/NORMALIZED-CONTRACTS.json"
"GET","/reports/checkoutbyperiod","application","200","text/html; charset=utf-8","","","","automatic-gap-audit-v6.3-2026-08-13T07-37-33-328Z/manifests/checkpoint.json;automatic-gap-audit-v6.3-2026-08-13T07-37-33-328Z/network/NORMALIZED-CONTRACTS.json"
"POST","/reports/checkoutbyperiod","application","200","text/html; charset=utf-8","","","","automatic-gap-audit-v6.3-2026-08-13T07-37-33-328Z/manifests/checkpoint.json;automatic-gap-audit-v6.3-2026-08-13T07-37-33-328Z/network/NORMALIZED-CONTRACTS.json"
"GET","/reports/checkoutbyperson","application","200","text/html; charset=utf-8","","","","automatic-gap-audit-v6.3-2026-08-13T07-37-33-328Z/manifests/checkpoint.json;automatic-gap-audit-v6.3-2026-08-13T07-37-33-328Z/network/NORMALIZED-CONTRACTS.json"
"POST","/reports/checkoutbyperson","application","200","text/html; charset=utf-8","","","","automatic-gap-audit-v6.3-2026-08-13T07-37-33-328Z/manifests/checkpoint.json;automatic-gap-audit-v6.3-2026-08-13T07-37-33-328Z/network/NORMALIZED-CONTRACTS.json"
"GET","/reports/checkoutbysitelocation","application","200","text/html; charset=utf-8","","","","automatic-gap-audit-v6.3-2026-08-13T07-37-33-328Z/manifests/checkpoint.json;automatic-gap-audit-v6.3-2026-08-13T07-37-33-328Z/network/NORMALIZED-CONTRACTS.json"
"POST","/reports/checkoutbysitelocation","application","200","text/html; charset=utf-8","","","","automatic-gap-audit-v6.3-2026-08-13T07-37-33-328Z/manifests/checkpoint.json;automatic-gap-audit-v6.3-2026-08-13T07-37-33-328Z/network/NORMALIZED-CONTRACTS.json"
"GET","/reports/customassets","application","200","text/html; charset=utf-8","","","","automatic-gap-audit-v6.3-2026-08-13T07-37-33-328Z/manifests/checkpoint.json;automatic-gap-audit-v6.3-2026-08-13T07-37-33-328Z/network/NORMALIZED-CONTRACTS.json"
"POST","/reports/fetchcustomassetlistdata","application","200","text/html; charset=utf-8","","","","automatic-gap-audit-v6.3-2026-08-13T07-37-33-328Z/manifests/checkpoint.json;automatic-gap-audit-v6.3-2026-08-13T07-37-33-328Z/network/NORMALIZED-CONTRACTS.json"
"GET","/reports/leased","application","200","text/html; charset=utf-8","","","","automatic-gap-audit-v6.3-2026-08-13T07-37-33-328Z/manifests/checkpoint.json;automatic-gap-audit-v6.3-2026-08-13T07-37-33-328Z/network/NORMALIZED-CONTRACTS.json"
"POST","/reports/leased","application","200","text/html; charset=utf-8","","","","automatic-gap-audit-v6.3-2026-08-13T07-37-33-328Z/manifests/checkpoint.json;automatic-gap-audit-v6.3-2026-08-13T07-37-33-328Z/network/NORMALIZED-CONTRACTS.json"
"GET","/reports/leasedbycustomer","application","200","text/html; charset=utf-8","","","","automatic-gap-audit-v6.3-2026-08-13T07-37-33-328Z/manifests/checkpoint.json;automatic-gap-audit-v6.3-2026-08-13T07-37-33-328Z/network/NORMALIZED-CONTRACTS.json"
"POST","/reports/leasedbycustomer","application","200","text/html; charset=utf-8","","","","automatic-gap-audit-v6.3-2026-08-13T07-37-33-328Z/manifests/checkpoint.json;automatic-gap-audit-v6.3-2026-08-13T07-37-33-328Z/network/NORMALIZED-CONTRACTS.json"
"GET","/reports/nonauditedassets","application","200","text/html; charset=utf-8","","","","automatic-gap-audit-v6.3-2026-08-13T07-37-33-328Z/manifests/checkpoint.json;automatic-gap-audit-v6.3-2026-08-13T07-37-33-328Z/network/NORMALIZED-CONTRACTS.json"
"POST","/reports/nonauditedassets","application","200","text/html; charset=utf-8","","","","automatic-gap-audit-v6.3-2026-08-13T07-37-33-328Z/manifests/checkpoint.json;automatic-gap-audit-v6.3-2026-08-13T07-37-33-328Z/network/NORMALIZED-CONTRACTS.json"
"GET","/reports/nonauditedfunds","application","200","text/html; charset=utf-8","","","","automatic-gap-audit-v6.3-2026-08-13T07-37-33-328Z/manifests/checkpoint.json;automatic-gap-audit-v6.3-2026-08-13T07-37-33-328Z/network/NORMALIZED-CONTRACTS.json"
"GET","/reserve/requestdata","application","200","application/json; charset=utf-8","","","","checkpoint.json"
"GET","/reserve","application","200","text/html; charset=utf-8","","","","automatic-gap-audit-v6.3-2026-08-13T07-37-33-328Z/manifests/checkpoint.json;automatic-gap-audit-v6.3-2026-08-13T07-37-33-328Z/network/NORMALIZED-CONTRACTS.json;checkpoint.json"
"GET","/review","application","200","text/html; charset=utf-8","","","","checkpoint.json"
"GET","/setupevents/add","application","200","text/html; charset=utf-8","","","","automatic-gap-audit-v6.3-2026-08-13T07-37-33-328Z/manifests/checkpoint.json;automatic-gap-audit-v6.3-2026-08-13T07-37-33-328Z/network/NORMALIZED-CONTRACTS.json"
"GET","/setupevents/customizeformbroken","application","200","text/html; charset=utf-8","","","","automatic-gap-audit-v6.3-2026-08-13T07-37-33-328Z/manifests/checkpoint.json;automatic-gap-audit-v6.3-2026-08-13T07-37-33-328Z/network/NORMALIZED-CONTRACTS.json;checkpoint.json"
"GET","/setupevents/customizeformcheckin","application","200","text/html; charset=utf-8","","","","automatic-gap-audit-v6.3-2026-08-13T07-37-33-328Z/manifests/checkpoint.json;automatic-gap-audit-v6.3-2026-08-13T07-37-33-328Z/network/NORMALIZED-CONTRACTS.json;checkpoint.json"
"GET","/setupevents/customizeformcheckout","application","200","text/html; charset=utf-8","","","","automatic-gap-audit-v6.3-2026-08-13T07-37-33-328Z/manifests/checkpoint.json;automatic-gap-audit-v6.3-2026-08-13T07-37-33-328Z/network/NORMALIZED-CONTRACTS.json;checkpoint.json"
"GET","/setupevents/customizeformdispose","application","200","text/html; charset=utf-8","","","","automatic-gap-audit-v6.3-2026-08-13T07-37-33-328Z/manifests/checkpoint.json;automatic-gap-audit-v6.3-2026-08-13T07-37-33-328Z/network/NORMALIZED-CONTRACTS.json"
"GET","/setupevents/customizeformdonate","application","200","text/html; charset=utf-8","","","","automatic-gap-audit-v6.3-2026-08-13T07-37-33-328Z/manifests/checkpoint.json;automatic-gap-audit-v6.3-2026-08-13T07-37-33-328Z/network/NORMALIZED-CONTRACTS.json"
"GET","/setupevents/customizeformfound","application","200","text/html; charset=utf-8","","","","automatic-gap-audit-v6.3-2026-08-13T07-37-33-328Z/manifests/checkpoint.json;automatic-gap-audit-v6.3-2026-08-13T07-37-33-328Z/network/NORMALIZED-CONTRACTS.json;checkpoint.json"
"GET","/setupevents/customizeformlease","application","200","text/html; charset=utf-8","","","","automatic-gap-audit-v6.3-2026-08-13T07-37-33-328Z/manifests/checkpoint.json;automatic-gap-audit-v6.3-2026-08-13T07-37-33-328Z/network/NORMALIZED-CONTRACTS.json;checkpoint.json"
"GET","/setupevents/customizeformleasereturn","application","200","text/html; charset=utf-8","","","","automatic-gap-audit-v6.3-2026-08-13T07-37-33-328Z/manifests/checkpoint.json;automatic-gap-audit-v6.3-2026-08-13T07-37-33-328Z/network/NORMALIZED-CONTRACTS.json;checkpoint.json"
"GET","/setupevents/customizeformlost","application","200","text/html; charset=utf-8","","","","automatic-gap-audit-v6.3-2026-08-13T07-37-33-328Z/manifests/checkpoint.json;automatic-gap-audit-v6.3-2026-08-13T07-37-33-328Z/network/NORMALIZED-CONTRACTS.json;checkpoint.json"
"GET","/setupevents/customizeformrepair","application","200","text/html; charset=utf-8","","","","automatic-gap-audit-v6.3-2026-08-13T07-37-33-328Z/manifests/checkpoint.json;automatic-gap-audit-v6.3-2026-08-13T07-37-33-328Z/network/NORMALIZED-CONTRACTS.json;checkpoint.json"
"GET","/setupevents/customizeformsell","application","200","text/html; charset=utf-8","","","","automatic-gap-audit-v6.3-2026-08-13T07-37-33-328Z/manifests/checkpoint.json;automatic-gap-audit-v6.3-2026-08-13T07-37-33-328Z/network/NORMALIZED-CONTRACTS.json"
"GET","/setupevents/setupeventbroken","application","200","text/html; charset=utf-8","","","","automatic-gap-audit-v6.3-2026-08-13T07-37-33-328Z/manifests/checkpoint.json;automatic-gap-audit-v6.3-2026-08-13T07-37-33-328Z/network/NORMALIZED-CONTRACTS.json;checkpoint.json"
"GET","/setupevents/setupeventcheckin","application","200","text/html; charset=utf-8","","","","automatic-gap-audit-v6.3-2026-08-13T07-37-33-328Z/manifests/checkpoint.json;automatic-gap-audit-v6.3-2026-08-13T07-37-33-328Z/network/NORMALIZED-CONTRACTS.json;checkpoint.json"
"GET","/setupevents/setupeventcheckout","application","200","text/html; charset=utf-8","","","","automatic-gap-audit-v6.3-2026-08-13T07-37-33-328Z/manifests/checkpoint.json;automatic-gap-audit-v6.3-2026-08-13T07-37-33-328Z/network/NORMALIZED-CONTRACTS.json;checkpoint.json"
"GET","/setupevents/setupeventdispose","application","200","text/html; charset=utf-8","","","","automatic-gap-audit-v6.3-2026-08-13T07-37-33-328Z/manifests/checkpoint.json;automatic-gap-audit-v6.3-2026-08-13T07-37-33-328Z/network/NORMALIZED-CONTRACTS.json"
"GET","/setupevents/setupeventdonate","application","200","text/html; charset=utf-8","","","","automatic-gap-audit-v6.3-2026-08-13T07-37-33-328Z/manifests/checkpoint.json;automatic-gap-audit-v6.3-2026-08-13T07-37-33-328Z/network/NORMALIZED-CONTRACTS.json"
"GET","/setupevents/setupeventfound","application","200","text/html; charset=utf-8","","","","automatic-gap-audit-v6.3-2026-08-13T07-37-33-328Z/manifests/checkpoint.json;automatic-gap-audit-v6.3-2026-08-13T07-37-33-328Z/network/NORMALIZED-CONTRACTS.json;checkpoint.json"
"GET","/setupevents/setupeventlease","application","200","text/html; charset=utf-8","","","","automatic-gap-audit-v6.3-2026-08-13T07-37-33-328Z/manifests/checkpoint.json;automatic-gap-audit-v6.3-2026-08-13T07-37-33-328Z/network/NORMALIZED-CONTRACTS.json;checkpoint.json"
"GET","/setupevents/setupeventleasereturn","application","200","text/html; charset=utf-8","","","","automatic-gap-audit-v6.3-2026-08-13T07-37-33-328Z/manifests/checkpoint.json;automatic-gap-audit-v6.3-2026-08-13T07-37-33-328Z/network/NORMALIZED-CONTRACTS.json;checkpoint.json"
"GET","/setupevents/setupeventlost","application","200","text/html; charset=utf-8","","","","automatic-gap-audit-v6.3-2026-08-13T07-37-33-328Z/manifests/checkpoint.json;automatic-gap-audit-v6.3-2026-08-13T07-37-33-328Z/network/NORMALIZED-CONTRACTS.json;checkpoint.json"
"GET","/setupevents/setupeventrepair","application","200","text/html; charset=utf-8","","","","automatic-gap-audit-v6.3-2026-08-13T07-37-33-328Z/manifests/checkpoint.json;automatic-gap-audit-v6.3-2026-08-13T07-37-33-328Z/network/NORMALIZED-CONTRACTS.json;checkpoint.json"
"GET","/setupevents/setupeventsell","application","200","text/html; charset=utf-8","","","","automatic-gap-audit-v6.3-2026-08-13T07-37-33-328Z/manifests/checkpoint.json;automatic-gap-audit-v6.3-2026-08-13T07-37-33-328Z/network/NORMALIZED-CONTRACTS.json"
"GET","/setupevents","application","200","text/html; charset=utf-8","","","","automatic-gap-audit-v6.3-2026-08-13T07-37-33-328Z/manifests/checkpoint.json;automatic-gap-audit-v6.3-2026-08-13T07-37-33-328Z/network/NORMALIZED-CONTRACTS.json;checkpoint.json"
"GET","/setupinventory","application","200","text/html; charset=utf-8","","","","automatic-gap-audit-v6.3-2026-08-13T07-37-33-328Z/manifests/checkpoint.json;automatic-gap-audit-v6.3-2026-08-13T07-37-33-328Z/network/NORMALIZED-CONTRACTS.json;checkpoint.json"
"GET","/sites","application","200","text/html; charset=utf-8","","","","automatic-gap-audit-v6.3-2026-08-13T07-37-33-328Z/manifests/checkpoint.json;automatic-gap-audit-v6.3-2026-08-13T07-37-33-328Z/network/NORMALIZED-CONTRACTS.json;checkpoint.json"
"GET","/table","application","200","text/html; charset=utf-8","","","","automatic-gap-audit-v6.3-2026-08-13T07-37-33-328Z/manifests/checkpoint.json;automatic-gap-audit-v6.3-2026-08-13T07-37-33-328Z/network/NORMALIZED-CONTRACTS.json;checkpoint.json"
"GET","/terms","application","200","text/html; charset=utf-8","","","","checkpoint.json"
"GET","/users/add","application","200","text/html; charset=utf-8","","","","automatic-gap-audit-v6.3-2026-08-13T07-37-33-328Z/manifests/checkpoint.json;automatic-gap-audit-v6.3-2026-08-13T07-37-33-328Z/network/NORMALIZED-CONTRACTS.json;controlled-rules-profiler-v6.4-2026-08-13T09-36-48-885Z/manifests/checkpoint.json;controlled-rules-profiler-v6.4-2026-08-13T09-36-48-885Z/network-schemas/CONTRACTS.json;controlled-rules-profiler-v6.4-2026-08-13T09-44-49-808Z/manifests/checkpoint.json;controlled-rules-profiler-v6.4-2026-08-13T09-44-49-808Z/network-schemas/CONTRACTS.json;controlled-rules-profiler-v6.4-2026-08-13T09-48-36-699Z/manifests/checkpoint.json;controlled-rules-profiler-v6.4-2026-08-13T09-48-36-699Z/network-schemas/CONTRACTS.json"
"GET","/users/edit","application","200","text/html; charset=utf-8","","","","automatic-gap-audit-v6.3-2026-08-13T07-37-33-328Z/manifests/checkpoint.json;automatic-gap-audit-v6.3-2026-08-13T07-37-33-328Z/network/NORMALIZED-CONTRACTS.json"
"GET","/users","application","200","text/html; charset=utf-8","","","","automatic-gap-audit-v6.3-2026-08-13T07-37-33-328Z/manifests/checkpoint.json;automatic-gap-audit-v6.3-2026-08-13T07-37-33-328Z/network/NORMALIZED-CONTRACTS.json;controlled-rules-profiler-v6.4-2026-08-13T09-36-48-885Z/manifests/checkpoint.json;controlled-rules-profiler-v6.4-2026-08-13T09-36-48-885Z/network-schemas/CONTRACTS.json;controlled-rules-profiler-v6.4-2026-08-13T09-44-49-808Z/manifests/checkpoint.json;controlled-rules-profiler-v6.4-2026-08-13T09-44-49-808Z/network-schemas/CONTRACTS.json;controlled-rules-profiler-v6.4-2026-08-13T09-48-36-699Z/manifests/checkpoint.json;controlled-rules-profiler-v6.4-2026-08-13T09-48-36-699Z/network-schemas/CONTRACTS.json"
"GET","/videos","application","200","text/html; charset=utf-8","","","","checkpoint.json"
"POST","/cdn-cgi/rum","static-resource","204","text/plain","","present","","automatic-gap-audit-v6.3-2026-08-13T07-37-33-328Z/manifests/checkpoint.json;automatic-gap-audit-v6.3-2026-08-13T07-37-33-328Z/network/NORMALIZED-CONTRACTS.json;checkpoint.json;controlled-rules-profiler-v6.4-2026-08-13T09-36-48-885Z/manifests/checkpoint.json;controlled-rules-profiler-v6.4-2026-08-13T09-36-48-885Z/network-schemas/CONTRACTS.json;controlled-rules-profiler-v6.4-2026-08-13T09-44-49-808Z/manifests/checkpoint.json;controlled-rules-profiler-v6.4-2026-08-13T09-44-49-808Z/network-schemas/CONTRACTS.json;controlled-rules-profiler-v6.4-2026-08-13T09-48-36-699Z/manifests/checkpoint.json;controlled-rules-profiler-v6.4-2026-08-13T09-48-36-699Z/network-schemas/CONTRACTS.json;guided-black-box-lab-v6-2026-08-13T07-24-17-010Z/manifests/run-checkpoint.json"
"GET","/cdn-cgi/scripts/{id}/cloudflare-static/email-decode.min.js","static-resource","200","application/javascript","","","","checkpoint.json"
"GET","/cdn-cgi/scripts/%7Bid%7D/cloudflare-static/email-decode.min.js","static-resource","200","application/javascript","","","","automatic-gap-audit-v6.3-2026-08-13T07-37-33-328Z/manifests/checkpoint.json;automatic-gap-audit-v6.3-2026-08-13T07-37-33-328Z/network/NORMALIZED-CONTRACTS.json;controlled-rules-profiler-v6.4-2026-08-13T09-36-48-885Z/manifests/checkpoint.json;controlled-rules-profiler-v6.4-2026-08-13T09-36-48-885Z/network-schemas/CONTRACTS.json;controlled-rules-profiler-v6.4-2026-08-13T09-44-49-808Z/manifests/checkpoint.json;controlled-rules-profiler-v6.4-2026-08-13T09-44-49-808Z/network-schemas/CONTRACTS.json;controlled-rules-profiler-v6.4-2026-08-13T09-48-36-699Z/manifests/checkpoint.json;controlled-rules-profiler-v6.4-2026-08-13T09-48-36-699Z/network-schemas/CONTRACTS.json;guided-black-box-lab-v6-2026-08-13T07-24-17-010Z/manifests/run-checkpoint.json"
"GET","/content/css/accessibility_widget.css","static-resource","200","text/css","","","","automatic-gap-audit-v6.3-2026-08-13T07-37-33-328Z/manifests/checkpoint.json;automatic-gap-audit-v6.3-2026-08-13T07-37-33-328Z/network/NORMALIZED-CONTRACTS.json;checkpoint.json;controlled-rules-profiler-v6.4-2026-08-13T09-36-48-885Z/manifests/checkpoint.json;controlled-rules-profiler-v6.4-2026-08-13T09-36-48-885Z/network-schemas/CONTRACTS.json;controlled-rules-profiler-v6.4-2026-08-13T09-44-49-808Z/manifests/checkpoint.json;controlled-rules-profiler-v6.4-2026-08-13T09-44-49-808Z/network-schemas/CONTRACTS.json;controlled-rules-profiler-v6.4-2026-08-13T09-48-36-699Z/manifests/checkpoint.json;controlled-rules-profiler-v6.4-2026-08-13T09-48-36-699Z/network-schemas/CONTRACTS.json;guided-black-box-lab-v6-2026-08-13T07-24-17-010Z/manifests/run-checkpoint.json"
"GET","/content/css/all.min.css","static-resource","200","text/css","v","","","automatic-gap-audit-v6.3-2026-08-13T07-37-33-328Z/manifests/checkpoint.json;automatic-gap-audit-v6.3-2026-08-13T07-37-33-328Z/network/NORMALIZED-CONTRACTS.json;checkpoint.json;controlled-rules-profiler-v6.4-2026-08-13T09-36-48-885Z/manifests/checkpoint.json;controlled-rules-profiler-v6.4-2026-08-13T09-36-48-885Z/network-schemas/CONTRACTS.json;controlled-rules-profiler-v6.4-2026-08-13T09-44-49-808Z/manifests/checkpoint.json;controlled-rules-profiler-v6.4-2026-08-13T09-44-49-808Z/network-schemas/CONTRACTS.json;guided-black-box-lab-v6-2026-08-13T07-24-17-010Z/manifests/run-checkpoint.json"
"GET","/content/css/dashboard-dark-theme.css","static-resource","200","text/css","v","","","automatic-gap-audit-v6.3-2026-08-13T07-37-33-328Z/manifests/checkpoint.json;automatic-gap-audit-v6.3-2026-08-13T07-37-33-328Z/network/NORMALIZED-CONTRACTS.json;checkpoint.json;controlled-rules-profiler-v6.4-2026-08-13T09-36-48-885Z/manifests/checkpoint.json;controlled-rules-profiler-v6.4-2026-08-13T09-36-48-885Z/network-schemas/CONTRACTS.json;controlled-rules-profiler-v6.4-2026-08-13T09-44-49-808Z/manifests/checkpoint.json;controlled-rules-profiler-v6.4-2026-08-13T09-44-49-808Z/network-schemas/CONTRACTS.json;controlled-rules-profiler-v6.4-2026-08-13T09-48-36-699Z/manifests/checkpoint.json;controlled-rules-profiler-v6.4-2026-08-13T09-48-36-699Z/network-schemas/CONTRACTS.json;guided-black-box-lab-v6-2026-08-13T07-24-17-010Z/manifests/run-checkpoint.json"
"GET","/content/css/jquery.simplecolorpicker.css","static-resource","200","text/css","","","","automatic-gap-audit-v6.3-2026-08-13T07-37-33-328Z/manifests/checkpoint.json;automatic-gap-audit-v6.3-2026-08-13T07-37-33-328Z/network/NORMALIZED-CONTRACTS.json;checkpoint.json"
"GET","/content/css/plugins4.1.css","static-resource","200","text/css","","","","automatic-gap-audit-v6.3-2026-08-13T07-37-33-328Z/manifests/checkpoint.json;automatic-gap-audit-v6.3-2026-08-13T07-37-33-328Z/network/NORMALIZED-CONTRACTS.json;checkpoint.json;controlled-rules-profiler-v6.4-2026-08-13T09-36-48-885Z/manifests/checkpoint.json;controlled-rules-profiler-v6.4-2026-08-13T09-36-48-885Z/network-schemas/CONTRACTS.json;controlled-rules-profiler-v6.4-2026-08-13T09-44-49-808Z/manifests/checkpoint.json;controlled-rules-profiler-v6.4-2026-08-13T09-44-49-808Z/network-schemas/CONTRACTS.json;controlled-rules-profiler-v6.4-2026-08-13T09-48-36-699Z/manifests/checkpoint.json;controlled-rules-profiler-v6.4-2026-08-13T09-48-36-699Z/network-schemas/CONTRACTS.json;guided-black-box-lab-v6-2026-08-13T07-24-17-010Z/manifests/run-checkpoint.json"
"GET","/content/css/pricing-palden.css","static-resource","200","text/css","","","","automatic-gap-audit-v6.3-2026-08-13T07-37-33-328Z/manifests/checkpoint.json;automatic-gap-audit-v6.3-2026-08-13T07-37-33-328Z/network/NORMALIZED-CONTRACTS.json"
"GET","/content/css/seo-pages.css","static-resource","200","text/css","v","","","automatic-gap-audit-v6.3-2026-08-13T07-37-33-328Z/manifests/checkpoint.json;automatic-gap-audit-v6.3-2026-08-13T07-37-33-328Z/network/NORMALIZED-CONTRACTS.json;checkpoint.json;controlled-rules-profiler-v6.4-2026-08-13T09-36-48-885Z/manifests/checkpoint.json;controlled-rules-profiler-v6.4-2026-08-13T09-36-48-885Z/network-schemas/CONTRACTS.json;controlled-rules-profiler-v6.4-2026-08-13T09-44-49-808Z/manifests/checkpoint.json;controlled-rules-profiler-v6.4-2026-08-13T09-44-49-808Z/network-schemas/CONTRACTS.json;guided-black-box-lab-v6-2026-08-13T07-24-17-010Z/manifests/run-checkpoint.json"
"GET","/content/css/slick.min.css","static-resource","200","text/css","","","","automatic-gap-audit-v6.3-2026-08-13T07-37-33-328Z/manifests/checkpoint.json;automatic-gap-audit-v6.3-2026-08-13T07-37-33-328Z/network/NORMALIZED-CONTRACTS.json;checkpoint.json;controlled-rules-profiler-v6.4-2026-08-13T09-36-48-885Z/manifests/checkpoint.json;controlled-rules-profiler-v6.4-2026-08-13T09-36-48-885Z/network-schemas/CONTRACTS.json;controlled-rules-profiler-v6.4-2026-08-13T09-44-49-808Z/manifests/checkpoint.json;controlled-rules-profiler-v6.4-2026-08-13T09-44-49-808Z/network-schemas/CONTRACTS.json;guided-black-box-lab-v6-2026-08-13T07-24-17-010Z/manifests/run-checkpoint.json"
"GET","/content/google/roboto-font.css","static-resource","200","text/css","","","","automatic-gap-audit-v6.3-2026-08-13T07-37-33-328Z/manifests/checkpoint.json;automatic-gap-audit-v6.3-2026-08-13T07-37-33-328Z/network/NORMALIZED-CONTRACTS.json;checkpoint.json;controlled-rules-profiler-v6.4-2026-08-13T09-36-48-885Z/manifests/checkpoint.json;controlled-rules-profiler-v6.4-2026-08-13T09-36-48-885Z/network-schemas/CONTRACTS.json;controlled-rules-profiler-v6.4-2026-08-13T09-44-49-808Z/manifests/checkpoint.json;controlled-rules-profiler-v6.4-2026-08-13T09-44-49-808Z/network-schemas/CONTRACTS.json;controlled-rules-profiler-v6.4-2026-08-13T09-48-36-699Z/manifests/checkpoint.json;controlled-rules-profiler-v6.4-2026-08-13T09-48-36-699Z/network-schemas/CONTRACTS.json;guided-black-box-lab-v6-2026-08-13T07-24-17-010Z/manifests/run-checkpoint.json"
"GET","/content/google/roboto/KFO7CnqEu92Fr1ME7kSn66aGLdTylUAMa3GUBGEe.woff2","static-resource","200","font/woff2","","","","automatic-gap-audit-v6.3-2026-08-13T07-37-33-328Z/manifests/checkpoint.json;automatic-gap-audit-v6.3-2026-08-13T07-37-33-328Z/network/NORMALIZED-CONTRACTS.json;checkpoint.json;controlled-rules-profiler-v6.4-2026-08-13T09-36-48-885Z/manifests/checkpoint.json;controlled-rules-profiler-v6.4-2026-08-13T09-36-48-885Z/network-schemas/CONTRACTS.json;controlled-rules-profiler-v6.4-2026-08-13T09-44-49-808Z/manifests/checkpoint.json;controlled-rules-profiler-v6.4-2026-08-13T09-44-49-808Z/network-schemas/CONTRACTS.json;controlled-rules-profiler-v6.4-2026-08-13T09-48-36-699Z/manifests/checkpoint.json;controlled-rules-profiler-v6.4-2026-08-13T09-48-36-699Z/network-schemas/CONTRACTS.json"
"GET","/content/google/roboto/KFO7CnqEu92Fr1ME7kSn66aGLdTylUAMa3iUBGEe.woff2","static-resource","200","font/woff2","","","","automatic-gap-audit-v6.3-2026-08-13T07-37-33-328Z/manifests/checkpoint.json;automatic-gap-audit-v6.3-2026-08-13T07-37-33-328Z/network/NORMALIZED-CONTRACTS.json;checkpoint.json;controlled-rules-profiler-v6.4-2026-08-13T09-36-48-885Z/manifests/checkpoint.json;controlled-rules-profiler-v6.4-2026-08-13T09-36-48-885Z/network-schemas/CONTRACTS.json;controlled-rules-profiler-v6.4-2026-08-13T09-44-49-808Z/manifests/checkpoint.json;controlled-rules-profiler-v6.4-2026-08-13T09-44-49-808Z/network-schemas/CONTRACTS.json;controlled-rules-profiler-v6.4-2026-08-13T09-48-36-699Z/manifests/checkpoint.json;controlled-rules-profiler-v6.4-2026-08-13T09-48-36-699Z/network-schemas/CONTRACTS.json"
"GET","/content/google/roboto/KFO7CnqEu92Fr1ME7kSn66aGLdTylUAMa3KUBGEe.woff2","static-resource","200","font/woff2","","","","automatic-gap-audit-v6.3-2026-08-13T07-37-33-328Z/manifests/checkpoint.json;automatic-gap-audit-v6.3-2026-08-13T07-37-33-328Z/network/NORMALIZED-CONTRACTS.json;checkpoint.json;controlled-rules-profiler-v6.4-2026-08-13T09-36-48-885Z/manifests/checkpoint.json;controlled-rules-profiler-v6.4-2026-08-13T09-36-48-885Z/network-schemas/CONTRACTS.json;controlled-rules-profiler-v6.4-2026-08-13T09-44-49-808Z/manifests/checkpoint.json;controlled-rules-profiler-v6.4-2026-08-13T09-44-49-808Z/network-schemas/CONTRACTS.json;controlled-rules-profiler-v6.4-2026-08-13T09-48-36-699Z/manifests/checkpoint.json;controlled-rules-profiler-v6.4-2026-08-13T09-48-36-699Z/network-schemas/CONTRACTS.json"
"GET","/content/google/roboto/KFO7CnqEu92Fr1ME7kSn66aGLdTylUAMa3yUBA.woff2","static-resource","200","font/woff2","","","","automatic-gap-audit-v6.3-2026-08-13T07-37-33-328Z/manifests/checkpoint.json;automatic-gap-audit-v6.3-2026-08-13T07-37-33-328Z/network/NORMALIZED-CONTRACTS.json;checkpoint.json;controlled-rules-profiler-v6.4-2026-08-13T09-36-48-885Z/manifests/checkpoint.json;controlled-rules-profiler-v6.4-2026-08-13T09-36-48-885Z/network-schemas/CONTRACTS.json;controlled-rules-profiler-v6.4-2026-08-13T09-44-49-808Z/manifests/checkpoint.json;controlled-rules-profiler-v6.4-2026-08-13T09-44-49-808Z/network-schemas/CONTRACTS.json;controlled-rules-profiler-v6.4-2026-08-13T09-48-36-699Z/manifests/checkpoint.json;controlled-rules-profiler-v6.4-2026-08-13T09-48-36-699Z/network-schemas/CONTRACTS.json;guided-black-box-lab-v6-2026-08-13T07-24-17-010Z/manifests/run-checkpoint.json"
"GET","/content/google/roboto/KFO7CnqEu92Fr1ME7kSn66aGLdTylUAMaxKUBGEe.woff2","static-resource","200","font/woff2","","","","automatic-gap-audit-v6.3-2026-08-13T07-37-33-328Z/manifests/checkpoint.json;automatic-gap-audit-v6.3-2026-08-13T07-37-33-328Z/network/NORMALIZED-CONTRACTS.json;checkpoint.json;controlled-rules-profiler-v6.4-2026-08-13T09-36-48-885Z/manifests/checkpoint.json;controlled-rules-profiler-v6.4-2026-08-13T09-36-48-885Z/network-schemas/CONTRACTS.json;controlled-rules-profiler-v6.4-2026-08-13T09-44-49-808Z/manifests/checkpoint.json;controlled-rules-profiler-v6.4-2026-08-13T09-44-49-808Z/network-schemas/CONTRACTS.json;guided-black-box-lab-v6-2026-08-13T07-24-17-010Z/manifests/run-checkpoint.json"
"GET","/content/img/accessibility_icon.svg","static-resource","200","image/svg+xml","","","","automatic-gap-audit-v6.3-2026-08-13T07-37-33-328Z/manifests/checkpoint.json;automatic-gap-audit-v6.3-2026-08-13T07-37-33-328Z/network/NORMALIZED-CONTRACTS.json;checkpoint.json;controlled-rules-profiler-v6.4-2026-08-13T09-36-48-885Z/manifests/checkpoint.json;controlled-rules-profiler-v6.4-2026-08-13T09-36-48-885Z/network-schemas/CONTRACTS.json;controlled-rules-profiler-v6.4-2026-08-13T09-44-49-808Z/manifests/checkpoint.json;controlled-rules-profiler-v6.4-2026-08-13T09-44-49-808Z/network-schemas/CONTRACTS.json;controlled-rules-profiler-v6.4-2026-08-13T09-48-36-699Z/manifests/checkpoint.json;controlled-rules-profiler-v6.4-2026-08-13T09-48-36-699Z/network-schemas/CONTRACTS.json;guided-black-box-lab-v6-2026-08-13T07-24-17-010Z/manifests/run-checkpoint.json"
"GET","/content/img/AjaxLoader.gif","static-resource","200","image/gif","","","","automatic-gap-audit-v6.3-2026-08-13T07-37-33-328Z/manifests/checkpoint.json;automatic-gap-audit-v6.3-2026-08-13T07-37-33-328Z/network/NORMALIZED-CONTRACTS.json;checkpoint.json;controlled-rules-profiler-v6.4-2026-08-13T09-36-48-885Z/manifests/checkpoint.json;controlled-rules-profiler-v6.4-2026-08-13T09-36-48-885Z/network-schemas/CONTRACTS.json;controlled-rules-profiler-v6.4-2026-08-13T09-44-49-808Z/manifests/checkpoint.json;controlled-rules-profiler-v6.4-2026-08-13T09-44-49-808Z/network-schemas/CONTRACTS.json;controlled-rules-profiler-v6.4-2026-08-13T09-48-36-699Z/manifests/checkpoint.json;controlled-rules-profiler-v6.4-2026-08-13T09-48-36-699Z/network-schemas/CONTRACTS.json;guided-black-box-lab-v6-2026-08-13T07-24-17-010Z/manifests/run-checkpoint.json"
"GET","/content/img/assettiger-logo-white.svg","static-resource","200","image/svg+xml","","","","automatic-gap-audit-v6.3-2026-08-13T07-37-33-328Z/manifests/checkpoint.json;automatic-gap-audit-v6.3-2026-08-13T07-37-33-328Z/network/NORMALIZED-CONTRACTS.json;checkpoint.json;controlled-rules-profiler-v6.4-2026-08-13T09-36-48-885Z/manifests/checkpoint.json;controlled-rules-profiler-v6.4-2026-08-13T09-36-48-885Z/network-schemas/CONTRACTS.json;controlled-rules-profiler-v6.4-2026-08-13T09-44-49-808Z/manifests/checkpoint.json;controlled-rules-profiler-v6.4-2026-08-13T09-44-49-808Z/network-schemas/CONTRACTS.json;controlled-rules-profiler-v6.4-2026-08-13T09-48-36-699Z/manifests/checkpoint.json;controlled-rules-profiler-v6.4-2026-08-13T09-48-36-699Z/network-schemas/CONTRACTS.json;guided-black-box-lab-v6-2026-08-13T07-24-17-010Z/manifests/run-checkpoint.json"
"GET","/content/img/assettiger-logo-yellow.svg","static-resource","200","image/svg+xml","","","","automatic-gap-audit-v6.3-2026-08-13T07-37-33-328Z/manifests/checkpoint.json;automatic-gap-audit-v6.3-2026-08-13T07-37-33-328Z/network/NORMALIZED-CONTRACTS.json;checkpoint.json;controlled-rules-profiler-v6.4-2026-08-13T09-36-48-885Z/manifests/checkpoint.json;controlled-rules-profiler-v6.4-2026-08-13T09-36-48-885Z/network-schemas/CONTRACTS.json;controlled-rules-profiler-v6.4-2026-08-13T09-44-49-808Z/manifests/checkpoint.json;controlled-rules-profiler-v6.4-2026-08-13T09-44-49-808Z/network-schemas/CONTRACTS.json;controlled-rules-profiler-v6.4-2026-08-13T09-48-36-699Z/manifests/checkpoint.json;controlled-rules-profiler-v6.4-2026-08-13T09-48-36-699Z/network-schemas/CONTRACTS.json;guided-black-box-lab-v6-2026-08-13T07-24-17-010Z/manifests/run-checkpoint.json"
"GET","/content/img/avatar.png","static-resource","200","image/png","","","","automatic-gap-audit-v6.3-2026-08-13T07-37-33-328Z/manifests/checkpoint.json;automatic-gap-audit-v6.3-2026-08-13T07-37-33-328Z/network/NORMALIZED-CONTRACTS.json;checkpoint.json;controlled-rules-profiler-v6.4-2026-08-13T09-36-48-885Z/manifests/checkpoint.json;controlled-rules-profiler-v6.4-2026-08-13T09-36-48-885Z/network-schemas/CONTRACTS.json;controlled-rules-profiler-v6.4-2026-08-13T09-44-49-808Z/manifests/checkpoint.json;controlled-rules-profiler-v6.4-2026-08-13T09-44-49-808Z/network-schemas/CONTRACTS.json;controlled-rules-profiler-v6.4-2026-08-13T09-48-36-699Z/manifests/checkpoint.json;controlled-rules-profiler-v6.4-2026-08-13T09-48-36-699Z/network-schemas/CONTRACTS.json;guided-black-box-lab-v6-2026-08-13T07-24-17-010Z/manifests/run-checkpoint.json"
"GET","/content/img/badges/badge_android.png","static-resource","200","image/png","","","","automatic-gap-audit-v6.3-2026-08-13T07-37-33-328Z/manifests/checkpoint.json;automatic-gap-audit-v6.3-2026-08-13T07-37-33-328Z/network/NORMALIZED-CONTRACTS.json;checkpoint.json;controlled-rules-profiler-v6.4-2026-08-13T09-36-48-885Z/manifests/checkpoint.json;controlled-rules-profiler-v6.4-2026-08-13T09-36-48-885Z/network-schemas/CONTRACTS.json;controlled-rules-profiler-v6.4-2026-08-13T09-44-49-808Z/manifests/checkpoint.json;controlled-rules-profiler-v6.4-2026-08-13T09-44-49-808Z/network-schemas/CONTRACTS.json;controlled-rules-profiler-v6.4-2026-08-13T09-48-36-699Z/manifests/checkpoint.json;controlled-rules-profiler-v6.4-2026-08-13T09-48-36-699Z/network-schemas/CONTRACTS.json;guided-black-box-lab-v6-2026-08-13T07-24-17-010Z/manifests/run-checkpoint.json"
"GET","/content/img/badges/badge_ios.svg","static-resource","200","image/svg+xml","","","","automatic-gap-audit-v6.3-2026-08-13T07-37-33-328Z/manifests/checkpoint.json;automatic-gap-audit-v6.3-2026-08-13T07-37-33-328Z/network/NORMALIZED-CONTRACTS.json;checkpoint.json;controlled-rules-profiler-v6.4-2026-08-13T09-36-48-885Z/manifests/checkpoint.json;controlled-rules-profiler-v6.4-2026-08-13T09-36-48-885Z/network-schemas/CONTRACTS.json;controlled-rules-profiler-v6.4-2026-08-13T09-44-49-808Z/manifests/checkpoint.json;controlled-rules-profiler-v6.4-2026-08-13T09-44-49-808Z/network-schemas/CONTRACTS.json;controlled-rules-profiler-v6.4-2026-08-13T09-48-36-699Z/manifests/checkpoint.json;controlled-rules-profiler-v6.4-2026-08-13T09-48-36-699Z/network-schemas/CONTRACTS.json;guided-black-box-lab-v6-2026-08-13T07-24-17-010Z/manifests/run-checkpoint.json"
"GET","/content/img/bar-chart.png","static-resource","200","image/png","","","","automatic-gap-audit-v6.3-2026-08-13T07-37-33-328Z/manifests/checkpoint.json;automatic-gap-audit-v6.3-2026-08-13T07-37-33-328Z/network/NORMALIZED-CONTRACTS.json;checkpoint.json"
"GET","/content/img/card_group.png","static-resource","200","image/png","","","","automatic-gap-audit-v6.3-2026-08-13T07-37-33-328Z/manifests/checkpoint.json;automatic-gap-audit-v6.3-2026-08-13T07-37-33-328Z/network/NORMALIZED-CONTRACTS.json;controlled-rules-profiler-v6.4-2026-08-13T09-36-48-885Z/manifests/checkpoint.json;controlled-rules-profiler-v6.4-2026-08-13T09-36-48-885Z/network-schemas/CONTRACTS.json;controlled-rules-profiler-v6.4-2026-08-13T09-44-49-808Z/manifests/checkpoint.json;controlled-rules-profiler-v6.4-2026-08-13T09-44-49-808Z/network-schemas/CONTRACTS.json;controlled-rules-profiler-v6.4-2026-08-13T09-48-36-699Z/manifests/checkpoint.json;controlled-rules-profiler-v6.4-2026-08-13T09-48-36-699Z/network-schemas/CONTRACTS.json"
"GET","/content/img/changelog-12062017-confirmation-email.png","static-resource","200","image/png","","","","checkpoint.json"
"GET","/content/img/changelog-add-person-apr-23-2018.png","static-resource","200","image/png","","","","checkpoint.json"
"GET","/content/img/changelog-custom-contract-may-01-2020.png","static-resource","200","image/png","","","","checkpoint.json"
"GET","/content/img/changelog-custom-customer-jan-10-2020.png","static-resource","200","image/png","","","","checkpoint.json"
"GET","/content/img/changelog-custom-maintenance-mar-05-2020.png","static-resource","200","image/png","","","","checkpoint.json"
"GET","/content/img/changelog-custom-person-jan-10-2020.png","static-resource","200","image/png","","","","checkpoint.json"
"GET","/content/img/changelog-custom-warranty-mar-05-2020.png","static-resource","200","image/png","","","","checkpoint.json"
"GET","/content/img/changelog-customize-contract-may-01-2020.png","static-resource","200","image/png","","","","checkpoint.json"
"GET","/content/img/changelog-customize-customer-jan-10-2020.png","static-resource","200","image/png","","","","checkpoint.json"
"GET","/content/img/changelog-customize-maintenance-mar-05-2020.png","static-resource","200","image/png","","","","checkpoint.json"
"GET","/content/img/changelog-customize-warranty-mar-05-2020.png","static-resource","200","image/png","","","","checkpoint.json"
"GET","/content/img/changelog-database-field-jan-10-2020.png","static-resource","200","image/png","","","","checkpoint.json"
"GET","/content/img/changelog-database-field-mar-05-2020.png","static-resource","200","image/png","","","","checkpoint.json"
"GET","/content/img/changelog-filter-person-department-jan-24-2020.png","static-resource","200","image/png","","","","checkpoint.json"
"GET","/content/img/changelog-filter-person-site-jan-24-2020.png","static-resource","200","image/png","","","","checkpoint.json"
"GET","/content/img/changelog-multiple-status-dec-20-2022.png","static-resource","200","image/png","","","","checkpoint.json"
"GET","/content/img/changelog-report-newfield-apr-6-2020.png","static-resource","200","image/png","","","","checkpoint.json"
"GET","/content/img/changelog-reservation-calendar-23-2018.jpg","static-resource","200","image/jpeg","","","","checkpoint.json"
"GET","/content/img/changelog-reservation-form-23-2018.jpg","static-resource","200","image/jpeg","","","","checkpoint.json"
"GET","/content/img/changelog-reserve-add-new-person-jan-31-2020.png","static-resource","200","image/png","","","","checkpoint.json"
"GET","/content/img/changelog-reserve-lease-detail-23-2018.jpg","static-resource","200","image/jpeg","","","","checkpoint.json"
"GET","/content/img/changelog-reserve-site-jan-31-2020.png","static-resource","200","image/png","","","","checkpoint.json"
"GET","/content/img/changelog-reserve-site-location-jan-31-2020.png","static-resource","200","image/png","","","","checkpoint.json"
"GET","/content/img/changelog-reserve-status-23-2018.jpg","static-resource","200","image/jpeg","","","","checkpoint.json"
"GET","/content/img/changelog-search-leased-by-customer-jan-31-2020.png","static-resource","200","image/png","","","","checkpoint.json"
"GET","/content/img/changelog-setupalerts-email-addresses-may-13-2020.png","static-resource","200","image/png","","","","checkpoint.json"
"GET","/content/img/changelog-setupalerts-email-assetpastdue-may-13-2020.png","static-resource","200","image/png","","","","checkpoint.json"
"GET","/content/img/changelog-setupalerts-email-body-may-13-2020.png","static-resource","200","image/png","","","","checkpoint.json"
"GET","/content/img/changelog-setupalerts-email-frequency-time-may-13-2020.png","static-resource","200","image/png","","","","checkpoint.json"
"GET","/content/img/changelog-setupalerts-maintenance-stopemail-may-13-2020.png","static-resource","200","image/png","","","","checkpoint.json"
"GET","/content/img/changelog-sidebar-setupalerts-may-13-2020.png","static-resource","200","image/png","","","","checkpoint.json"
"GET","/content/img/changelog-sso-login-feb-11-2020.png","static-resource","200","image/png","","","","checkpoint.json"
"GET","/content/img/changelog-standard-fields-apr-23-2018.png","static-resource","200","image/png","","","","checkpoint.json"
"GET","/content/img/changelog-table-options-signaturepad-may-22-2020.png","static-resource","200","image/png","","","","checkpoint.json"
"GET","/content/img/changelog-update-department-apr-23-2018.png","static-resource","200","image/png","","","","checkpoint.json"
"GET","/content/img/changelog-update-sld-jul-31-2018.png","static-resource","200","image/png","","","","checkpoint.json"
"GET","/content/img/check_on.svg","static-resource","200","image/svg+xml","","","","automatic-gap-audit-v6.3-2026-08-13T07-37-33-328Z/manifests/checkpoint.json;automatic-gap-audit-v6.3-2026-08-13T07-37-33-328Z/network/NORMALIZED-CONTRACTS.json;checkpoint.json;controlled-rules-profiler-v6.4-2026-08-13T09-36-48-885Z/manifests/checkpoint.json;controlled-rules-profiler-v6.4-2026-08-13T09-36-48-885Z/network-schemas/CONTRACTS.json;controlled-rules-profiler-v6.4-2026-08-13T09-44-49-808Z/manifests/checkpoint.json;controlled-rules-profiler-v6.4-2026-08-13T09-44-49-808Z/network-schemas/CONTRACTS.json;controlled-rules-profiler-v6.4-2026-08-13T09-48-36-699Z/manifests/checkpoint.json;controlled-rules-profiler-v6.4-2026-08-13T09-48-36-699Z/network-schemas/CONTRACTS.json;guided-black-box-lab-v6-2026-08-13T07-24-17-010Z/manifests/run-checkpoint.json"
"GET","/content/img/companies/amazon-small.png","static-resource","200","image/png","","","","automatic-gap-audit-v6.3-2026-08-13T07-37-33-328Z/manifests/checkpoint.json;automatic-gap-audit-v6.3-2026-08-13T07-37-33-328Z/network/NORMALIZED-CONTRACTS.json;checkpoint.json;controlled-rules-profiler-v6.4-2026-08-13T09-36-48-885Z/manifests/checkpoint.json;controlled-rules-profiler-v6.4-2026-08-13T09-36-48-885Z/network-schemas/CONTRACTS.json;controlled-rules-profiler-v6.4-2026-08-13T09-44-49-808Z/manifests/checkpoint.json;controlled-rules-profiler-v6.4-2026-08-13T09-44-49-808Z/network-schemas/CONTRACTS.json;guided-black-box-lab-v6-2026-08-13T07-24-17-010Z/manifests/run-checkpoint.json"
"GET","/content/img/dashboard-alert.png","static-resource","200","image/png","","","","automatic-gap-audit-v6.3-2026-08-13T07-37-33-328Z/manifests/checkpoint.json;automatic-gap-audit-v6.3-2026-08-13T07-37-33-328Z/network/NORMALIZED-CONTRACTS.json;checkpoint.json"
"GET","/content/img/dashboard-feeds.png","static-resource","200","image/png","","","","automatic-gap-audit-v6.3-2026-08-13T07-37-33-328Z/manifests/checkpoint.json;automatic-gap-audit-v6.3-2026-08-13T07-37-33-328Z/network/NORMALIZED-CONTRACTS.json;checkpoint.json"
"GET","/content/img/dashboard-reservations.png","static-resource","200","image/png","","","","automatic-gap-audit-v6.3-2026-08-13T07-37-33-328Z/manifests/checkpoint.json;automatic-gap-audit-v6.3-2026-08-13T07-37-33-328Z/network/NORMALIZED-CONTRACTS.json;checkpoint.json"
"GET","/content/img/email_reminder_chkbx.jpg","static-resource","200","image/jpeg","","","","checkpoint.json"
"GET","/content/img/email_reminder_form2.jpg","static-resource","200","image/jpeg","","","","checkpoint.json"
"GET","/content/img/img1-medium.jpg","static-resource","200","image/jpeg","","","","checkpoint.json"
"GET","/content/img/multibar-chart.png","static-resource","200","image/png","","","","automatic-gap-audit-v6.3-2026-08-13T07-37-33-328Z/manifests/checkpoint.json;automatic-gap-audit-v6.3-2026-08-13T07-37-33-328Z/network/NORMALIZED-CONTRACTS.json;checkpoint.json"
"GET","/content/img/pie-chart.png","static-resource","200","image/png","","","","automatic-gap-audit-v6.3-2026-08-13T07-37-33-328Z/manifests/checkpoint.json;automatic-gap-audit-v6.3-2026-08-13T07-37-33-328Z/network/NORMALIZED-CONTRACTS.json;checkpoint.json"
"GET","/content/img/seo/asset-tracking-category-leaders.png","static-resource","200","image/png","","","","automatic-gap-audit-v6.3-2026-08-13T07-37-33-328Z/manifests/checkpoint.json;automatic-gap-audit-v6.3-2026-08-13T07-37-33-328Z/network/NORMALIZED-CONTRACTS.json;checkpoint.json;controlled-rules-profiler-v6.4-2026-08-13T09-36-48-885Z/manifests/checkpoint.json;controlled-rules-profiler-v6.4-2026-08-13T09-36-48-885Z/network-schemas/CONTRACTS.json;controlled-rules-profiler-v6.4-2026-08-13T09-44-49-808Z/manifests/checkpoint.json;controlled-rules-profiler-v6.4-2026-08-13T09-44-49-808Z/network-schemas/CONTRACTS.json;guided-black-box-lab-v6-2026-08-13T07-24-17-010Z/manifests/run-checkpoint.json"
"GET","/content/img/seo/asset-tracking-comparison.png","static-resource","200","image/png","","","","automatic-gap-audit-v6.3-2026-08-13T07-37-33-328Z/manifests/checkpoint.json;automatic-gap-audit-v6.3-2026-08-13T07-37-33-328Z/network/NORMALIZED-CONTRACTS.json;checkpoint.json;controlled-rules-profiler-v6.4-2026-08-13T09-36-48-885Z/manifests/checkpoint.json;controlled-rules-profiler-v6.4-2026-08-13T09-36-48-885Z/network-schemas/CONTRACTS.json;controlled-rules-profiler-v6.4-2026-08-13T09-44-49-808Z/manifests/checkpoint.json;controlled-rules-profiler-v6.4-2026-08-13T09-44-49-808Z/network-schemas/CONTRACTS.json;guided-black-box-lab-v6-2026-08-13T07-24-17-010Z/manifests/run-checkpoint.json"
"GET","/content/img/seo/asset-tracking-comparison.svg","static-resource","200","image/svg+xml","","","","automatic-gap-audit-v6.3-2026-08-13T07-37-33-328Z/manifests/checkpoint.json;automatic-gap-audit-v6.3-2026-08-13T07-37-33-328Z/network/NORMALIZED-CONTRACTS.json;checkpoint.json;controlled-rules-profiler-v6.4-2026-08-13T09-36-48-885Z/manifests/checkpoint.json;controlled-rules-profiler-v6.4-2026-08-13T09-36-48-885Z/network-schemas/CONTRACTS.json;controlled-rules-profiler-v6.4-2026-08-13T09-44-49-808Z/manifests/checkpoint.json;controlled-rules-profiler-v6.4-2026-08-13T09-44-49-808Z/network-schemas/CONTRACTS.json;guided-black-box-lab-v6-2026-08-13T07-24-17-010Z/manifests/run-checkpoint.json"
"GET","/content/img/seo/capterra-assetTiger-reviews.png","static-resource","200","image/png","","","","automatic-gap-audit-v6.3-2026-08-13T07-37-33-328Z/manifests/checkpoint.json;automatic-gap-audit-v6.3-2026-08-13T07-37-33-328Z/network/NORMALIZED-CONTRACTS.json;checkpoint.json;controlled-rules-profiler-v6.4-2026-08-13T09-36-48-885Z/manifests/checkpoint.json;controlled-rules-profiler-v6.4-2026-08-13T09-36-48-885Z/network-schemas/CONTRACTS.json;controlled-rules-profiler-v6.4-2026-08-13T09-44-49-808Z/manifests/checkpoint.json;controlled-rules-profiler-v6.4-2026-08-13T09-44-49-808Z/network-schemas/CONTRACTS.json;guided-black-box-lab-v6-2026-08-13T07-24-17-010Z/manifests/run-checkpoint.json"
"GET","/content/img/seo/companies/disney-small.png","static-resource","200","image/png","","","","automatic-gap-audit-v6.3-2026-08-13T07-37-33-328Z/manifests/checkpoint.json;automatic-gap-audit-v6.3-2026-08-13T07-37-33-328Z/network/NORMALIZED-CONTRACTS.json;checkpoint.json;controlled-rules-profiler-v6.4-2026-08-13T09-36-48-885Z/manifests/checkpoint.json;controlled-rules-profiler-v6.4-2026-08-13T09-36-48-885Z/network-schemas/CONTRACTS.json;controlled-rules-profiler-v6.4-2026-08-13T09-44-49-808Z/manifests/checkpoint.json;controlled-rules-profiler-v6.4-2026-08-13T09-44-49-808Z/network-schemas/CONTRACTS.json;guided-black-box-lab-v6-2026-08-13T07-24-17-010Z/manifests/run-checkpoint.json"
"GET","/content/img/seo/companies/dow-small.png","static-resource","200","image/png","","","","automatic-gap-audit-v6.3-2026-08-13T07-37-33-328Z/manifests/checkpoint.json;automatic-gap-audit-v6.3-2026-08-13T07-37-33-328Z/network/NORMALIZED-CONTRACTS.json;checkpoint.json;controlled-rules-profiler-v6.4-2026-08-13T09-36-48-885Z/manifests/checkpoint.json;controlled-rules-profiler-v6.4-2026-08-13T09-36-48-885Z/network-schemas/CONTRACTS.json;controlled-rules-profiler-v6.4-2026-08-13T09-44-49-808Z/manifests/checkpoint.json;controlled-rules-profiler-v6.4-2026-08-13T09-44-49-808Z/network-schemas/CONTRACTS.json;guided-black-box-lab-v6-2026-08-13T07-24-17-010Z/manifests/run-checkpoint.json"
"GET","/content/img/seo/companies/harvard_university_logo.png","static-resource","200","image/png","","","","automatic-gap-audit-v6.3-2026-08-13T07-37-33-328Z/manifests/checkpoint.json;automatic-gap-audit-v6.3-2026-08-13T07-37-33-328Z/network/NORMALIZED-CONTRACTS.json;checkpoint.json;controlled-rules-profiler-v6.4-2026-08-13T09-36-48-885Z/manifests/checkpoint.json;controlled-rules-profiler-v6.4-2026-08-13T09-36-48-885Z/network-schemas/CONTRACTS.json;controlled-rules-profiler-v6.4-2026-08-13T09-44-49-808Z/manifests/checkpoint.json;controlled-rules-profiler-v6.4-2026-08-13T09-44-49-808Z/network-schemas/CONTRACTS.json;guided-black-box-lab-v6-2026-08-13T07-24-17-010Z/manifests/run-checkpoint.json"
"GET","/content/img/seo/companies/jd-small.png","static-resource","200","image/png","","","","automatic-gap-audit-v6.3-2026-08-13T07-37-33-328Z/manifests/checkpoint.json;automatic-gap-audit-v6.3-2026-08-13T07-37-33-328Z/network/NORMALIZED-CONTRACTS.json;checkpoint.json;controlled-rules-profiler-v6.4-2026-08-13T09-36-48-885Z/manifests/checkpoint.json;controlled-rules-profiler-v6.4-2026-08-13T09-36-48-885Z/network-schemas/CONTRACTS.json;controlled-rules-profiler-v6.4-2026-08-13T09-44-49-808Z/manifests/checkpoint.json;controlled-rules-profiler-v6.4-2026-08-13T09-44-49-808Z/network-schemas/CONTRACTS.json;guided-black-box-lab-v6-2026-08-13T07-24-17-010Z/manifests/run-checkpoint.json"
"GET","/content/img/seo/companies/jetblue-small.png","static-resource","200","image/png","","","","automatic-gap-audit-v6.3-2026-08-13T07-37-33-328Z/manifests/checkpoint.json;automatic-gap-audit-v6.3-2026-08-13T07-37-33-328Z/network/NORMALIZED-CONTRACTS.json;checkpoint.json;controlled-rules-profiler-v6.4-2026-08-13T09-36-48-885Z/manifests/checkpoint.json;controlled-rules-profiler-v6.4-2026-08-13T09-36-48-885Z/network-schemas/CONTRACTS.json;controlled-rules-profiler-v6.4-2026-08-13T09-44-49-808Z/manifests/checkpoint.json;controlled-rules-profiler-v6.4-2026-08-13T09-44-49-808Z/network-schemas/CONTRACTS.json;guided-black-box-lab-v6-2026-08-13T07-24-17-010Z/manifests/run-checkpoint.json"
"GET","/content/img/seo/companies/merck-small.png","static-resource","200","image/png","","","","automatic-gap-audit-v6.3-2026-08-13T07-37-33-328Z/manifests/checkpoint.json;automatic-gap-audit-v6.3-2026-08-13T07-37-33-328Z/network/NORMALIZED-CONTRACTS.json;checkpoint.json;controlled-rules-profiler-v6.4-2026-08-13T09-36-48-885Z/manifests/checkpoint.json;controlled-rules-profiler-v6.4-2026-08-13T09-36-48-885Z/network-schemas/CONTRACTS.json;controlled-rules-profiler-v6.4-2026-08-13T09-44-49-808Z/manifests/checkpoint.json;controlled-rules-profiler-v6.4-2026-08-13T09-44-49-808Z/network-schemas/CONTRACTS.json;guided-black-box-lab-v6-2026-08-13T07-24-17-010Z/manifests/run-checkpoint.json"
"GET","/content/img/seo/companies/motorola-small.png","static-resource","200","image/png","","","","automatic-gap-audit-v6.3-2026-08-13T07-37-33-328Z/manifests/checkpoint.json;automatic-gap-audit-v6.3-2026-08-13T07-37-33-328Z/network/NORMALIZED-CONTRACTS.json;checkpoint.json;controlled-rules-profiler-v6.4-2026-08-13T09-36-48-885Z/manifests/checkpoint.json;controlled-rules-profiler-v6.4-2026-08-13T09-36-48-885Z/network-schemas/CONTRACTS.json;controlled-rules-profiler-v6.4-2026-08-13T09-44-49-808Z/manifests/checkpoint.json;controlled-rules-profiler-v6.4-2026-08-13T09-44-49-808Z/network-schemas/CONTRACTS.json;guided-black-box-lab-v6-2026-08-13T07-24-17-010Z/manifests/run-checkpoint.json"
"GET","/content/img/seo/companies/six-flags-small.png","static-resource","200","image/png","","","","automatic-gap-audit-v6.3-2026-08-13T07-37-33-328Z/manifests/checkpoint.json;automatic-gap-audit-v6.3-2026-08-13T07-37-33-328Z/network/NORMALIZED-CONTRACTS.json;checkpoint.json;controlled-rules-profiler-v6.4-2026-08-13T09-36-48-885Z/manifests/checkpoint.json;controlled-rules-profiler-v6.4-2026-08-13T09-36-48-885Z/network-schemas/CONTRACTS.json;controlled-rules-profiler-v6.4-2026-08-13T09-44-49-808Z/manifests/checkpoint.json;controlled-rules-profiler-v6.4-2026-08-13T09-44-49-808Z/network-schemas/CONTRACTS.json;guided-black-box-lab-v6-2026-08-13T07-24-17-010Z/manifests/run-checkpoint.json"
"GET","/content/img/seo/companies/t-mobile-small.png","static-resource","200","image/png","","","","automatic-gap-audit-v6.3-2026-08-13T07-37-33-328Z/manifests/checkpoint.json;automatic-gap-audit-v6.3-2026-08-13T07-37-33-328Z/network/NORMALIZED-CONTRACTS.json;checkpoint.json;controlled-rules-profiler-v6.4-2026-08-13T09-36-48-885Z/manifests/checkpoint.json;controlled-rules-profiler-v6.4-2026-08-13T09-36-48-885Z/network-schemas/CONTRACTS.json;controlled-rules-profiler-v6.4-2026-08-13T09-44-49-808Z/manifests/checkpoint.json;controlled-rules-profiler-v6.4-2026-08-13T09-44-49-808Z/network-schemas/CONTRACTS.json;guided-black-box-lab-v6-2026-08-13T07-24-17-010Z/manifests/run-checkpoint.json"
"GET","/content/img/seo/companies/wm-small.png","static-resource","200","image/png","","","","automatic-gap-audit-v6.3-2026-08-13T07-37-33-328Z/manifests/checkpoint.json;automatic-gap-audit-v6.3-2026-08-13T07-37-33-328Z/network/NORMALIZED-CONTRACTS.json;checkpoint.json;controlled-rules-profiler-v6.4-2026-08-13T09-36-48-885Z/manifests/checkpoint.json;controlled-rules-profiler-v6.4-2026-08-13T09-36-48-885Z/network-schemas/CONTRACTS.json;controlled-rules-profiler-v6.4-2026-08-13T09-44-49-808Z/manifests/checkpoint.json;controlled-rules-profiler-v6.4-2026-08-13T09-44-49-808Z/network-schemas/CONTRACTS.json;guided-black-box-lab-v6-2026-08-13T07-24-17-010Z/manifests/run-checkpoint.json"
"GET","/content/img/seo/fixed-asset-accounting-software-comparison.svg","static-resource","200","image/svg+xml","","","","automatic-gap-audit-v6.3-2026-08-13T07-37-33-328Z/manifests/checkpoint.json;automatic-gap-audit-v6.3-2026-08-13T07-37-33-328Z/network/NORMALIZED-CONTRACTS.json;checkpoint.json;controlled-rules-profiler-v6.4-2026-08-13T09-36-48-885Z/manifests/checkpoint.json;controlled-rules-profiler-v6.4-2026-08-13T09-36-48-885Z/network-schemas/CONTRACTS.json;controlled-rules-profiler-v6.4-2026-08-13T09-44-49-808Z/manifests/checkpoint.json;controlled-rules-profiler-v6.4-2026-08-13T09-44-49-808Z/network-schemas/CONTRACTS.json;guided-black-box-lab-v6-2026-08-13T07-24-17-010Z/manifests/run-checkpoint.json"
"GET","/content/img/seo/preventive-maintenance-software.png","static-resource","200","image/png","","","","automatic-gap-audit-v6.3-2026-08-13T07-37-33-328Z/manifests/checkpoint.json;automatic-gap-audit-v6.3-2026-08-13T07-37-33-328Z/network/NORMALIZED-CONTRACTS.json;checkpoint.json;controlled-rules-profiler-v6.4-2026-08-13T09-36-48-885Z/manifests/checkpoint.json;controlled-rules-profiler-v6.4-2026-08-13T09-36-48-885Z/network-schemas/CONTRACTS.json;controlled-rules-profiler-v6.4-2026-08-13T09-44-49-808Z/manifests/checkpoint.json;controlled-rules-profiler-v6.4-2026-08-13T09-44-49-808Z/network-schemas/CONTRACTS.json;guided-black-box-lab-v6-2026-08-13T07-24-17-010Z/manifests/run-checkpoint.json"
"GET","/content/img/seo/pricing-tiger-img.png","static-resource","200","image/png","","","","automatic-gap-audit-v6.3-2026-08-13T07-37-33-328Z/manifests/checkpoint.json;automatic-gap-audit-v6.3-2026-08-13T07-37-33-328Z/network/NORMALIZED-CONTRACTS.json;checkpoint.json;controlled-rules-profiler-v6.4-2026-08-13T09-36-48-885Z/manifests/checkpoint.json;controlled-rules-profiler-v6.4-2026-08-13T09-36-48-885Z/network-schemas/CONTRACTS.json;controlled-rules-profiler-v6.4-2026-08-13T09-44-49-808Z/manifests/checkpoint.json;controlled-rules-profiler-v6.4-2026-08-13T09-44-49-808Z/network-schemas/CONTRACTS.json;guided-black-box-lab-v6-2026-08-13T07-24-17-010Z/manifests/run-checkpoint.json"
"GET","/content/img/seo/review-chareater.png","static-resource","200","image/png","","","","automatic-gap-audit-v6.3-2026-08-13T07-37-33-328Z/manifests/checkpoint.json;automatic-gap-audit-v6.3-2026-08-13T07-37-33-328Z/network/NORMALIZED-CONTRACTS.json;checkpoint.json;controlled-rules-profiler-v6.4-2026-08-13T09-36-48-885Z/manifests/checkpoint.json;controlled-rules-profiler-v6.4-2026-08-13T09-36-48-885Z/network-schemas/CONTRACTS.json;controlled-rules-profiler-v6.4-2026-08-13T09-44-49-808Z/manifests/checkpoint.json;controlled-rules-profiler-v6.4-2026-08-13T09-44-49-808Z/network-schemas/CONTRACTS.json;guided-black-box-lab-v6-2026-08-13T07-24-17-010Z/manifests/run-checkpoint.json"
"GET","/content/img/sort_asc.png","static-resource","200","image/png","","","","automatic-gap-audit-v6.3-2026-08-13T07-37-33-328Z/manifests/checkpoint.json;automatic-gap-audit-v6.3-2026-08-13T07-37-33-328Z/network/NORMALIZED-CONTRACTS.json;checkpoint.json"
"GET","/content/img/sort_both.png","static-resource","200","image/png","","","","automatic-gap-audit-v6.3-2026-08-13T07-37-33-328Z/manifests/checkpoint.json;automatic-gap-audit-v6.3-2026-08-13T07-37-33-328Z/network/NORMALIZED-CONTRACTS.json;checkpoint.json;controlled-rules-profiler-v6.4-2026-08-13T09-44-49-808Z/manifests/checkpoint.json;controlled-rules-profiler-v6.4-2026-08-13T09-44-49-808Z/network-schemas/CONTRACTS.json;controlled-rules-profiler-v6.4-2026-08-13T09-48-36-699Z/manifests/checkpoint.json;controlled-rules-profiler-v6.4-2026-08-13T09-48-36-699Z/network-schemas/CONTRACTS.json"
"GET","/content/img/team/blair.jpg","static-resource","200","image/jpeg","","","","checkpoint.json"
"GET","/content/img/team/chris.jpg","static-resource","200","image/jpeg","","","","checkpoint.json"
"GET","/content/img/tiger-face.svg","static-resource","200","image/svg+xml","","","","automatic-gap-audit-v6.3-2026-08-13T07-37-33-328Z/manifests/checkpoint.json;automatic-gap-audit-v6.3-2026-08-13T07-37-33-328Z/network/NORMALIZED-CONTRACTS.json;checkpoint.json;controlled-rules-profiler-v6.4-2026-08-13T09-36-48-885Z/manifests/checkpoint.json;controlled-rules-profiler-v6.4-2026-08-13T09-36-48-885Z/network-schemas/CONTRACTS.json;controlled-rules-profiler-v6.4-2026-08-13T09-44-49-808Z/manifests/checkpoint.json;controlled-rules-profiler-v6.4-2026-08-13T09-44-49-808Z/network-schemas/CONTRACTS.json;guided-black-box-lab-v6-2026-08-13T07-24-17-010Z/manifests/run-checkpoint.json"
"GET","/content/img/upload-img_128.jpg","static-resource","200","image/jpeg","","","","automatic-gap-audit-v6.3-2026-08-13T07-37-33-328Z/manifests/checkpoint.json;automatic-gap-audit-v6.3-2026-08-13T07-37-33-328Z/network/NORMALIZED-CONTRACTS.json;checkpoint.json;controlled-rules-profiler-v6.4-2026-08-13T09-36-48-885Z/manifests/checkpoint.json;controlled-rules-profiler-v6.4-2026-08-13T09-36-48-885Z/network-schemas/CONTRACTS.json;controlled-rules-profiler-v6.4-2026-08-13T09-44-49-808Z/manifests/checkpoint.json;controlled-rules-profiler-v6.4-2026-08-13T09-44-49-808Z/network-schemas/CONTRACTS.json;controlled-rules-profiler-v6.4-2026-08-13T09-48-36-699Z/manifests/checkpoint.json;controlled-rules-profiler-v6.4-2026-08-13T09-48-36-699Z/network-schemas/CONTRACTS.json"
"GET","/content/img/upload-img_256.jpg","static-resource","200","image/jpeg","","","","automatic-gap-audit-v6.3-2026-08-13T07-37-33-328Z/manifests/checkpoint.json;automatic-gap-audit-v6.3-2026-08-13T07-37-33-328Z/network/NORMALIZED-CONTRACTS.json;checkpoint.json;controlled-rules-profiler-v6.4-2026-08-13T09-44-49-808Z/manifests/checkpoint.json;controlled-rules-profiler-v6.4-2026-08-13T09-44-49-808Z/network-schemas/CONTRACTS.json;controlled-rules-profiler-v6.4-2026-08-13T09-48-36-699Z/manifests/checkpoint.json;controlled-rules-profiler-v6.4-2026-08-13T09-48-36-699Z/network-schemas/CONTRACTS.json"
"GET","/content/img/upload-img_64.jpg","static-resource","200","image/jpeg","","","","automatic-gap-audit-v6.3-2026-08-13T07-37-33-328Z/manifests/checkpoint.json;automatic-gap-audit-v6.3-2026-08-13T07-37-33-328Z/network/NORMALIZED-CONTRACTS.json;checkpoint.json;controlled-rules-profiler-v6.4-2026-08-13T09-44-49-808Z/manifests/checkpoint.json;controlled-rules-profiler-v6.4-2026-08-13T09-44-49-808Z/network-schemas/CONTRACTS.json;controlled-rules-profiler-v6.4-2026-08-13T09-48-36-699Z/manifests/checkpoint.json;controlled-rules-profiler-v6.4-2026-08-13T09-48-36-699Z/network-schemas/CONTRACTS.json"
"GET","/content/Smart_Sign_AssetTiger_Web_VAPT_Certificate.pdf","static-resource","200","application/pdf","","","","checkpoint.json"
"GET","/content/themes/v3/assets/css/style.bundle.css","static-resource","200","text/css","","","","automatic-gap-audit-v6.3-2026-08-13T07-37-33-328Z/manifests/checkpoint.json;automatic-gap-audit-v6.3-2026-08-13T07-37-33-328Z/network/NORMALIZED-CONTRACTS.json;checkpoint.json;controlled-rules-profiler-v6.4-2026-08-13T09-36-48-885Z/manifests/checkpoint.json;controlled-rules-profiler-v6.4-2026-08-13T09-36-48-885Z/network-schemas/CONTRACTS.json;controlled-rules-profiler-v6.4-2026-08-13T09-44-49-808Z/manifests/checkpoint.json;controlled-rules-profiler-v6.4-2026-08-13T09-44-49-808Z/network-schemas/CONTRACTS.json;controlled-rules-profiler-v6.4-2026-08-13T09-48-36-699Z/manifests/checkpoint.json;controlled-rules-profiler-v6.4-2026-08-13T09-48-36-699Z/network-schemas/CONTRACTS.json;guided-black-box-lab-v6-2026-08-13T07-24-17-010Z/manifests/run-checkpoint.json"
"GET","/content/themes/v3/assets/js/scripts.bundle.js","static-resource","200","text/javascript","","","","automatic-gap-audit-v6.3-2026-08-13T07-37-33-328Z/manifests/checkpoint.json;automatic-gap-audit-v6.3-2026-08-13T07-37-33-328Z/network/NORMALIZED-CONTRACTS.json;checkpoint.json;controlled-rules-profiler-v6.4-2026-08-13T09-36-48-885Z/manifests/checkpoint.json;controlled-rules-profiler-v6.4-2026-08-13T09-36-48-885Z/network-schemas/CONTRACTS.json;controlled-rules-profiler-v6.4-2026-08-13T09-44-49-808Z/manifests/checkpoint.json;controlled-rules-profiler-v6.4-2026-08-13T09-44-49-808Z/network-schemas/CONTRACTS.json;controlled-rules-profiler-v6.4-2026-08-13T09-48-36-699Z/manifests/checkpoint.json;controlled-rules-profiler-v6.4-2026-08-13T09-48-36-699Z/network-schemas/CONTRACTS.json;guided-black-box-lab-v6-2026-08-13T07-24-17-010Z/manifests/run-checkpoint.json"
"GET","/content/themes/v3/assets/plugins/global/fonts/@fortawesome/fa-brands-400.woff2","static-resource","200","font/woff2","","","","automatic-gap-audit-v6.3-2026-08-13T07-37-33-328Z/manifests/checkpoint.json;automatic-gap-audit-v6.3-2026-08-13T07-37-33-328Z/network/NORMALIZED-CONTRACTS.json;checkpoint.json;controlled-rules-profiler-v6.4-2026-08-13T09-36-48-885Z/manifests/checkpoint.json;controlled-rules-profiler-v6.4-2026-08-13T09-36-48-885Z/network-schemas/CONTRACTS.json;controlled-rules-profiler-v6.4-2026-08-13T09-44-49-808Z/manifests/checkpoint.json;controlled-rules-profiler-v6.4-2026-08-13T09-44-49-808Z/network-schemas/CONTRACTS.json;controlled-rules-profiler-v6.4-2026-08-13T09-48-36-699Z/manifests/checkpoint.json;controlled-rules-profiler-v6.4-2026-08-13T09-48-36-699Z/network-schemas/CONTRACTS.json"
"GET","/content/themes/v3/assets/plugins/global/fonts/@fortawesome/fa-regular-400.woff2","static-resource","200","font/woff2","","","","automatic-gap-audit-v6.3-2026-08-13T07-37-33-328Z/manifests/checkpoint.json;automatic-gap-audit-v6.3-2026-08-13T07-37-33-328Z/network/NORMALIZED-CONTRACTS.json;checkpoint.json;controlled-rules-profiler-v6.4-2026-08-13T09-36-48-885Z/manifests/checkpoint.json;controlled-rules-profiler-v6.4-2026-08-13T09-36-48-885Z/network-schemas/CONTRACTS.json;controlled-rules-profiler-v6.4-2026-08-13T09-44-49-808Z/manifests/checkpoint.json;controlled-rules-profiler-v6.4-2026-08-13T09-44-49-808Z/network-schemas/CONTRACTS.json;controlled-rules-profiler-v6.4-2026-08-13T09-48-36-699Z/manifests/checkpoint.json;controlled-rules-profiler-v6.4-2026-08-13T09-48-36-699Z/network-schemas/CONTRACTS.json"
"GET","/content/themes/v3/assets/plugins/global/fonts/@fortawesome/fa-solid-900.woff2","static-resource","200","font/woff2","","","","automatic-gap-audit-v6.3-2026-08-13T07-37-33-328Z/manifests/checkpoint.json;automatic-gap-audit-v6.3-2026-08-13T07-37-33-328Z/network/NORMALIZED-CONTRACTS.json;checkpoint.json;controlled-rules-profiler-v6.4-2026-08-13T09-36-48-885Z/manifests/checkpoint.json;controlled-rules-profiler-v6.4-2026-08-13T09-36-48-885Z/network-schemas/CONTRACTS.json;controlled-rules-profiler-v6.4-2026-08-13T09-44-49-808Z/manifests/checkpoint.json;controlled-rules-profiler-v6.4-2026-08-13T09-44-49-808Z/network-schemas/CONTRACTS.json;controlled-rules-profiler-v6.4-2026-08-13T09-48-36-699Z/manifests/checkpoint.json;controlled-rules-profiler-v6.4-2026-08-13T09-48-36-699Z/network-schemas/CONTRACTS.json;guided-black-box-lab-v6-2026-08-13T07-24-17-010Z/manifests/run-checkpoint.json"
"GET","/content/themes/v3/assets/plugins/global/fonts/line-awesome/la-brands-400.woff2","static-resource","200","font/woff2","","","","automatic-gap-audit-v6.3-2026-08-13T07-37-33-328Z/manifests/checkpoint.json;automatic-gap-audit-v6.3-2026-08-13T07-37-33-328Z/network/NORMALIZED-CONTRACTS.json;checkpoint.json;controlled-rules-profiler-v6.4-2026-08-13T09-36-48-885Z/manifests/checkpoint.json;controlled-rules-profiler-v6.4-2026-08-13T09-36-48-885Z/network-schemas/CONTRACTS.json;controlled-rules-profiler-v6.4-2026-08-13T09-44-49-808Z/manifests/checkpoint.json;controlled-rules-profiler-v6.4-2026-08-13T09-44-49-808Z/network-schemas/CONTRACTS.json;controlled-rules-profiler-v6.4-2026-08-13T09-48-36-699Z/manifests/checkpoint.json;controlled-rules-profiler-v6.4-2026-08-13T09-48-36-699Z/network-schemas/CONTRACTS.json"
"GET","/content/themes/v3/assets/plugins/global/fonts/line-awesome/la-regular-400.woff2","static-resource","200","font/woff2","","","","automatic-gap-audit-v6.3-2026-08-13T07-37-33-328Z/manifests/checkpoint.json;automatic-gap-audit-v6.3-2026-08-13T07-37-33-328Z/network/NORMALIZED-CONTRACTS.json;checkpoint.json;controlled-rules-profiler-v6.4-2026-08-13T09-36-48-885Z/manifests/checkpoint.json;controlled-rules-profiler-v6.4-2026-08-13T09-36-48-885Z/network-schemas/CONTRACTS.json;controlled-rules-profiler-v6.4-2026-08-13T09-44-49-808Z/manifests/checkpoint.json;controlled-rules-profiler-v6.4-2026-08-13T09-44-49-808Z/network-schemas/CONTRACTS.json;controlled-rules-profiler-v6.4-2026-08-13T09-48-36-699Z/manifests/checkpoint.json;controlled-rules-profiler-v6.4-2026-08-13T09-48-36-699Z/network-schemas/CONTRACTS.json;guided-black-box-lab-v6-2026-08-13T07-24-17-010Z/manifests/run-checkpoint.json"
"GET","/content/themes/v3/assets/plugins/global/fonts/line-awesome/la-solid-900.woff2","static-resource","200","font/woff2","","","","automatic-gap-audit-v6.3-2026-08-13T07-37-33-328Z/manifests/checkpoint.json;automatic-gap-audit-v6.3-2026-08-13T07-37-33-328Z/network/NORMALIZED-CONTRACTS.json;checkpoint.json;controlled-rules-profiler-v6.4-2026-08-13T09-36-48-885Z/manifests/checkpoint.json;controlled-rules-profiler-v6.4-2026-08-13T09-36-48-885Z/network-schemas/CONTRACTS.json;controlled-rules-profiler-v6.4-2026-08-13T09-44-49-808Z/manifests/checkpoint.json;controlled-rules-profiler-v6.4-2026-08-13T09-44-49-808Z/network-schemas/CONTRACTS.json;controlled-rules-profiler-v6.4-2026-08-13T09-48-36-699Z/manifests/checkpoint.json;controlled-rules-profiler-v6.4-2026-08-13T09-48-36-699Z/network-schemas/CONTRACTS.json;guided-black-box-lab-v6-2026-08-13T07-24-17-010Z/manifests/run-checkpoint.json"
"GET","/content/themes/v3/assets/plugins/global/plugins.bundle.css","static-resource","200","text/css","","","","automatic-gap-audit-v6.3-2026-08-13T07-37-33-328Z/manifests/checkpoint.json;automatic-gap-audit-v6.3-2026-08-13T07-37-33-328Z/network/NORMALIZED-CONTRACTS.json;checkpoint.json;controlled-rules-profiler-v6.4-2026-08-13T09-36-48-885Z/manifests/checkpoint.json;controlled-rules-profiler-v6.4-2026-08-13T09-36-48-885Z/network-schemas/CONTRACTS.json;controlled-rules-profiler-v6.4-2026-08-13T09-44-49-808Z/manifests/checkpoint.json;controlled-rules-profiler-v6.4-2026-08-13T09-44-49-808Z/network-schemas/CONTRACTS.json;controlled-rules-profiler-v6.4-2026-08-13T09-48-36-699Z/manifests/checkpoint.json;controlled-rules-profiler-v6.4-2026-08-13T09-48-36-699Z/network-schemas/CONTRACTS.json;guided-black-box-lab-v6-2026-08-13T07-24-17-010Z/manifests/run-checkpoint.json"
"GET","/content/themes/v3/assets/plugins/global/plugins.bundle.js","static-resource","200","text/javascript","v","","","automatic-gap-audit-v6.3-2026-08-13T07-37-33-328Z/manifests/checkpoint.json;automatic-gap-audit-v6.3-2026-08-13T07-37-33-328Z/network/NORMALIZED-CONTRACTS.json;checkpoint.json;controlled-rules-profiler-v6.4-2026-08-13T09-36-48-885Z/manifests/checkpoint.json;controlled-rules-profiler-v6.4-2026-08-13T09-36-48-885Z/network-schemas/CONTRACTS.json;controlled-rules-profiler-v6.4-2026-08-13T09-44-49-808Z/manifests/checkpoint.json;controlled-rules-profiler-v6.4-2026-08-13T09-44-49-808Z/network-schemas/CONTRACTS.json;controlled-rules-profiler-v6.4-2026-08-13T09-48-36-699Z/manifests/checkpoint.json;controlled-rules-profiler-v6.4-2026-08-13T09-48-36-699Z/network-schemas/CONTRACTS.json;guided-black-box-lab-v6-2026-08-13T07-24-17-010Z/manifests/run-checkpoint.json"
"GET","/content/themes/v3/bootstrap/5.0.2/dist/css/bootstrap.min.css","static-resource","200","text/css","","","","automatic-gap-audit-v6.3-2026-08-13T07-37-33-328Z/manifests/checkpoint.json;automatic-gap-audit-v6.3-2026-08-13T07-37-33-328Z/network/NORMALIZED-CONTRACTS.json"
"GET","/content/themes/v3/bootstrap/5.0.2/dist/js/bootstrap.bundle.min.js","static-resource","200","text/javascript","","","","automatic-gap-audit-v6.3-2026-08-13T07-37-33-328Z/manifests/checkpoint.json;automatic-gap-audit-v6.3-2026-08-13T07-37-33-328Z/network/NORMALIZED-CONTRACTS.json;checkpoint.json;controlled-rules-profiler-v6.4-2026-08-13T09-36-48-885Z/manifests/checkpoint.json;controlled-rules-profiler-v6.4-2026-08-13T09-36-48-885Z/network-schemas/CONTRACTS.json;controlled-rules-profiler-v6.4-2026-08-13T09-44-49-808Z/manifests/checkpoint.json;controlled-rules-profiler-v6.4-2026-08-13T09-44-49-808Z/network-schemas/CONTRACTS.json;guided-black-box-lab-v6-2026-08-13T07-24-17-010Z/manifests/run-checkpoint.json"
"GET","/content/themes/v3/bootstrap/5.3.0/css/bootstrap.min.css","static-resource","200","text/css","","","","automatic-gap-audit-v6.3-2026-08-13T07-37-33-328Z/manifests/checkpoint.json;automatic-gap-audit-v6.3-2026-08-13T07-37-33-328Z/network/NORMALIZED-CONTRACTS.json;checkpoint.json;controlled-rules-profiler-v6.4-2026-08-13T09-36-48-885Z/manifests/checkpoint.json;controlled-rules-profiler-v6.4-2026-08-13T09-36-48-885Z/network-schemas/CONTRACTS.json;controlled-rules-profiler-v6.4-2026-08-13T09-44-49-808Z/manifests/checkpoint.json;controlled-rules-profiler-v6.4-2026-08-13T09-44-49-808Z/network-schemas/CONTRACTS.json;guided-black-box-lab-v6-2026-08-13T07-24-17-010Z/manifests/run-checkpoint.json"
"GET","/content/themes/v3/css/aos.css","static-resource","200","text/css","","","","automatic-gap-audit-v6.3-2026-08-13T07-37-33-328Z/manifests/checkpoint.json;automatic-gap-audit-v6.3-2026-08-13T07-37-33-328Z/network/NORMALIZED-CONTRACTS.json;checkpoint.json;controlled-rules-profiler-v6.4-2026-08-13T09-36-48-885Z/manifests/checkpoint.json;controlled-rules-profiler-v6.4-2026-08-13T09-36-48-885Z/network-schemas/CONTRACTS.json;controlled-rules-profiler-v6.4-2026-08-13T09-44-49-808Z/manifests/checkpoint.json;controlled-rules-profiler-v6.4-2026-08-13T09-44-49-808Z/network-schemas/CONTRACTS.json;guided-black-box-lab-v6-2026-08-13T07-24-17-010Z/manifests/run-checkpoint.json"
"GET","/content/themes/v3/css/bootstrap-select.min.css","static-resource","200","text/css","","","","automatic-gap-audit-v6.3-2026-08-13T07-37-33-328Z/manifests/checkpoint.json;automatic-gap-audit-v6.3-2026-08-13T07-37-33-328Z/network/NORMALIZED-CONTRACTS.json;checkpoint.json;controlled-rules-profiler-v6.4-2026-08-13T09-36-48-885Z/manifests/checkpoint.json;controlled-rules-profiler-v6.4-2026-08-13T09-36-48-885Z/network-schemas/CONTRACTS.json;controlled-rules-profiler-v6.4-2026-08-13T09-44-49-808Z/manifests/checkpoint.json;controlled-rules-profiler-v6.4-2026-08-13T09-44-49-808Z/network-schemas/CONTRACTS.json;controlled-rules-profiler-v6.4-2026-08-13T09-48-36-699Z/manifests/checkpoint.json;controlled-rules-profiler-v6.4-2026-08-13T09-48-36-699Z/network-schemas/CONTRACTS.json"
"GET","/content/themes/v3/css/custom-theme-new.css","static-resource","200","text/css","v","","","automatic-gap-audit-v6.3-2026-08-13T07-37-33-328Z/manifests/checkpoint.json;automatic-gap-audit-v6.3-2026-08-13T07-37-33-328Z/network/NORMALIZED-CONTRACTS.json;checkpoint.json;controlled-rules-profiler-v6.4-2026-08-13T09-36-48-885Z/manifests/checkpoint.json;controlled-rules-profiler-v6.4-2026-08-13T09-36-48-885Z/network-schemas/CONTRACTS.json;controlled-rules-profiler-v6.4-2026-08-13T09-44-49-808Z/manifests/checkpoint.json;controlled-rules-profiler-v6.4-2026-08-13T09-44-49-808Z/network-schemas/CONTRACTS.json;controlled-rules-profiler-v6.4-2026-08-13T09-48-36-699Z/manifests/checkpoint.json;controlled-rules-profiler-v6.4-2026-08-13T09-48-36-699Z/network-schemas/CONTRACTS.json;guided-black-box-lab-v6-2026-08-13T07-24-17-010Z/manifests/run-checkpoint.json"
"GET","/content/themes/v3/css/home.css","static-resource","200","text/css","","","","automatic-gap-audit-v6.3-2026-08-13T07-37-33-328Z/manifests/checkpoint.json;automatic-gap-audit-v6.3-2026-08-13T07-37-33-328Z/network/NORMALIZED-CONTRACTS.json"
"GET","/content/themes/v3/css/magnific-popup.css","static-resource","200","text/css","","","","automatic-gap-audit-v6.3-2026-08-13T07-37-33-328Z/manifests/checkpoint.json;automatic-gap-audit-v6.3-2026-08-13T07-37-33-328Z/network/NORMALIZED-CONTRACTS.json;checkpoint.json;controlled-rules-profiler-v6.4-2026-08-13T09-36-48-885Z/manifests/checkpoint.json;controlled-rules-profiler-v6.4-2026-08-13T09-36-48-885Z/network-schemas/CONTRACTS.json;controlled-rules-profiler-v6.4-2026-08-13T09-44-49-808Z/manifests/checkpoint.json;controlled-rules-profiler-v6.4-2026-08-13T09-44-49-808Z/network-schemas/CONTRACTS.json;guided-black-box-lab-v6-2026-08-13T07-24-17-010Z/manifests/run-checkpoint.json"
"GET","/content/themes/v3/css/select2-bootstrap-5-theme.min.css","static-resource","200","text/css","","","","automatic-gap-audit-v6.3-2026-08-13T07-37-33-328Z/manifests/checkpoint.json;automatic-gap-audit-v6.3-2026-08-13T07-37-33-328Z/network/NORMALIZED-CONTRACTS.json;checkpoint.json;controlled-rules-profiler-v6.4-2026-08-13T09-36-48-885Z/manifests/checkpoint.json;controlled-rules-profiler-v6.4-2026-08-13T09-36-48-885Z/network-schemas/CONTRACTS.json;controlled-rules-profiler-v6.4-2026-08-13T09-44-49-808Z/manifests/checkpoint.json;controlled-rules-profiler-v6.4-2026-08-13T09-44-49-808Z/network-schemas/CONTRACTS.json;controlled-rules-profiler-v6.4-2026-08-13T09-48-36-699Z/manifests/checkpoint.json;controlled-rules-profiler-v6.4-2026-08-13T09-48-36-699Z/network-schemas/CONTRACTS.json"
"GET","/content/themes/v3/css/select2.min.css","static-resource","200","text/css","","","","automatic-gap-audit-v6.3-2026-08-13T07-37-33-328Z/manifests/checkpoint.json;automatic-gap-audit-v6.3-2026-08-13T07-37-33-328Z/network/NORMALIZED-CONTRACTS.json;checkpoint.json;controlled-rules-profiler-v6.4-2026-08-13T09-36-48-885Z/manifests/checkpoint.json;controlled-rules-profiler-v6.4-2026-08-13T09-36-48-885Z/network-schemas/CONTRACTS.json;controlled-rules-profiler-v6.4-2026-08-13T09-44-49-808Z/manifests/checkpoint.json;controlled-rules-profiler-v6.4-2026-08-13T09-44-49-808Z/network-schemas/CONTRACTS.json;controlled-rules-profiler-v6.4-2026-08-13T09-48-36-699Z/manifests/checkpoint.json;controlled-rules-profiler-v6.4-2026-08-13T09-48-36-699Z/network-schemas/CONTRACTS.json"
"GET","/content/themes/v3/css/simple-line-icons.css","static-resource","200","text/css","","","","automatic-gap-audit-v6.3-2026-08-13T07-37-33-328Z/manifests/checkpoint.json;automatic-gap-audit-v6.3-2026-08-13T07-37-33-328Z/network/NORMALIZED-CONTRACTS.json"
"GET","/content/themes/v3/libs/daterangepicker/daterangepicker.css","static-resource","200","text/css","","","","automatic-gap-audit-v6.3-2026-08-13T07-37-33-328Z/manifests/checkpoint.json;automatic-gap-audit-v6.3-2026-08-13T07-37-33-328Z/network/NORMALIZED-CONTRACTS.json;checkpoint.json;controlled-rules-profiler-v6.4-2026-08-13T09-36-48-885Z/manifests/checkpoint.json;controlled-rules-profiler-v6.4-2026-08-13T09-36-48-885Z/network-schemas/CONTRACTS.json;controlled-rules-profiler-v6.4-2026-08-13T09-44-49-808Z/manifests/checkpoint.json;controlled-rules-profiler-v6.4-2026-08-13T09-44-49-808Z/network-schemas/CONTRACTS.json;controlled-rules-profiler-v6.4-2026-08-13T09-48-36-699Z/manifests/checkpoint.json;controlled-rules-profiler-v6.4-2026-08-13T09-48-36-699Z/network-schemas/CONTRACTS.json"
"GET","/content/themes/v3/libs/daterangepicker/daterangepicker.min.js","static-resource","200","text/javascript","","","","automatic-gap-audit-v6.3-2026-08-13T07-37-33-328Z/manifests/checkpoint.json;automatic-gap-audit-v6.3-2026-08-13T07-37-33-328Z/network/NORMALIZED-CONTRACTS.json;checkpoint.json;controlled-rules-profiler-v6.4-2026-08-13T09-36-48-885Z/manifests/checkpoint.json;controlled-rules-profiler-v6.4-2026-08-13T09-36-48-885Z/network-schemas/CONTRACTS.json;controlled-rules-profiler-v6.4-2026-08-13T09-44-49-808Z/manifests/checkpoint.json;controlled-rules-profiler-v6.4-2026-08-13T09-44-49-808Z/network-schemas/CONTRACTS.json;controlled-rules-profiler-v6.4-2026-08-13T09-48-36-699Z/manifests/checkpoint.json;controlled-rules-profiler-v6.4-2026-08-13T09-48-36-699Z/network-schemas/CONTRACTS.json"
"GET","/content/themes/v3/libs/tagify/tagify.min.css","static-resource","200","text/css","","","","automatic-gap-audit-v6.3-2026-08-13T07-37-33-328Z/manifests/checkpoint.json;automatic-gap-audit-v6.3-2026-08-13T07-37-33-328Z/network/NORMALIZED-CONTRACTS.json;checkpoint.json;controlled-rules-profiler-v6.4-2026-08-13T09-44-49-808Z/manifests/checkpoint.json;controlled-rules-profiler-v6.4-2026-08-13T09-44-49-808Z/network-schemas/CONTRACTS.json;controlled-rules-profiler-v6.4-2026-08-13T09-48-36-699Z/manifests/checkpoint.json;controlled-rules-profiler-v6.4-2026-08-13T09-48-36-699Z/network-schemas/CONTRACTS.json"
"GET","/content/themes/v3/libs/tagify/tagify.polyfills.min.js","static-resource","200","text/javascript","","","","automatic-gap-audit-v6.3-2026-08-13T07-37-33-328Z/manifests/checkpoint.json;automatic-gap-audit-v6.3-2026-08-13T07-37-33-328Z/network/NORMALIZED-CONTRACTS.json;checkpoint.json;controlled-rules-profiler-v6.4-2026-08-13T09-44-49-808Z/manifests/checkpoint.json;controlled-rules-profiler-v6.4-2026-08-13T09-44-49-808Z/network-schemas/CONTRACTS.json;controlled-rules-profiler-v6.4-2026-08-13T09-48-36-699Z/manifests/checkpoint.json;controlled-rules-profiler-v6.4-2026-08-13T09-48-36-699Z/network-schemas/CONTRACTS.json"
"GET","/content/themes/v3/libs/toastr/2.1.4/toastr.min.css","static-resource","200","text/css","","","","automatic-gap-audit-v6.3-2026-08-13T07-37-33-328Z/manifests/checkpoint.json;automatic-gap-audit-v6.3-2026-08-13T07-37-33-328Z/network/NORMALIZED-CONTRACTS.json;checkpoint.json;controlled-rules-profiler-v6.4-2026-08-13T09-36-48-885Z/manifests/checkpoint.json;controlled-rules-profiler-v6.4-2026-08-13T09-36-48-885Z/network-schemas/CONTRACTS.json;controlled-rules-profiler-v6.4-2026-08-13T09-44-49-808Z/manifests/checkpoint.json;controlled-rules-profiler-v6.4-2026-08-13T09-44-49-808Z/network-schemas/CONTRACTS.json;guided-black-box-lab-v6-2026-08-13T07-24-17-010Z/manifests/run-checkpoint.json"
"GET","/content/themes/v3/libs/toastr/2.1.4/toastr.min.js","static-resource","200","text/javascript","","","","automatic-gap-audit-v6.3-2026-08-13T07-37-33-328Z/manifests/checkpoint.json;automatic-gap-audit-v6.3-2026-08-13T07-37-33-328Z/network/NORMALIZED-CONTRACTS.json;checkpoint.json;controlled-rules-profiler-v6.4-2026-08-13T09-36-48-885Z/manifests/checkpoint.json;controlled-rules-profiler-v6.4-2026-08-13T09-36-48-885Z/network-schemas/CONTRACTS.json;controlled-rules-profiler-v6.4-2026-08-13T09-44-49-808Z/manifests/checkpoint.json;controlled-rules-profiler-v6.4-2026-08-13T09-44-49-808Z/network-schemas/CONTRACTS.json;guided-black-box-lab-v6-2026-08-13T07-24-17-010Z/manifests/run-checkpoint.json"
"GET","/Content/webfonts/fa-regular-400.woff2","static-resource","200","font/woff2","","","","automatic-gap-audit-v6.3-2026-08-13T07-37-33-328Z/manifests/checkpoint.json;automatic-gap-audit-v6.3-2026-08-13T07-37-33-328Z/network/NORMALIZED-CONTRACTS.json;checkpoint.json;controlled-rules-profiler-v6.4-2026-08-13T09-36-48-885Z/manifests/checkpoint.json;controlled-rules-profiler-v6.4-2026-08-13T09-36-48-885Z/network-schemas/CONTRACTS.json;controlled-rules-profiler-v6.4-2026-08-13T09-44-49-808Z/manifests/checkpoint.json;controlled-rules-profiler-v6.4-2026-08-13T09-44-49-808Z/network-schemas/CONTRACTS.json;guided-black-box-lab-v6-2026-08-13T07-24-17-010Z/manifests/run-checkpoint.json"
"GET","/favicon/apple-touch-icon.png","static-resource","200","image/png","","","","automatic-gap-audit-v6.3-2026-08-13T07-37-33-328Z/manifests/checkpoint.json;automatic-gap-audit-v6.3-2026-08-13T07-37-33-328Z/network/NORMALIZED-CONTRACTS.json;checkpoint.json"
"GET","/favicon/favicon-16x16.png/","static-resource","302","","","","","automatic-gap-audit-v6.3-2026-08-13T07-37-33-328Z/manifests/checkpoint.json;automatic-gap-audit-v6.3-2026-08-13T07-37-33-328Z/network/NORMALIZED-CONTRACTS.json;checkpoint.json;controlled-rules-profiler-v6.4-2026-08-13T09-36-48-885Z/manifests/checkpoint.json;controlled-rules-profiler-v6.4-2026-08-13T09-36-48-885Z/network-schemas/CONTRACTS.json;controlled-rules-profiler-v6.4-2026-08-13T09-44-49-808Z/manifests/checkpoint.json;controlled-rules-profiler-v6.4-2026-08-13T09-44-49-808Z/network-schemas/CONTRACTS.json;guided-black-box-lab-v6-2026-08-13T07-24-17-010Z/manifests/run-checkpoint.json"
"GET","/favicon/favicon-32x32.png/","static-resource","302","","","","","automatic-gap-audit-v6.3-2026-08-13T07-37-33-328Z/manifests/checkpoint.json;automatic-gap-audit-v6.3-2026-08-13T07-37-33-328Z/network/NORMALIZED-CONTRACTS.json;checkpoint.json;controlled-rules-profiler-v6.4-2026-08-13T09-36-48-885Z/manifests/checkpoint.json;controlled-rules-profiler-v6.4-2026-08-13T09-36-48-885Z/network-schemas/CONTRACTS.json;controlled-rules-profiler-v6.4-2026-08-13T09-44-49-808Z/manifests/checkpoint.json;controlled-rules-profiler-v6.4-2026-08-13T09-44-49-808Z/network-schemas/CONTRACTS.json;guided-black-box-lab-v6-2026-08-13T07-24-17-010Z/manifests/run-checkpoint.json"
"GET","/favicon/favicon-32x32.png","static-resource","200","image/png","","","","automatic-gap-audit-v6.3-2026-08-13T07-37-33-328Z/manifests/checkpoint.json;automatic-gap-audit-v6.3-2026-08-13T07-37-33-328Z/network/NORMALIZED-CONTRACTS.json;checkpoint.json;controlled-rules-profiler-v6.4-2026-08-13T09-36-48-885Z/manifests/checkpoint.json;controlled-rules-profiler-v6.4-2026-08-13T09-36-48-885Z/network-schemas/CONTRACTS.json;controlled-rules-profiler-v6.4-2026-08-13T09-44-49-808Z/manifests/checkpoint.json;controlled-rules-profiler-v6.4-2026-08-13T09-44-49-808Z/network-schemas/CONTRACTS.json;guided-black-box-lab-v6-2026-08-13T07-24-17-010Z/manifests/run-checkpoint.json"
"GET","/scripts/ajaxfileupload.js","static-resource","200","text/javascript","","","","automatic-gap-audit-v6.3-2026-08-13T07-37-33-328Z/manifests/checkpoint.json;automatic-gap-audit-v6.3-2026-08-13T07-37-33-328Z/network/NORMALIZED-CONTRACTS.json"
"GET","/scripts/asset_v2.js","static-resource","200","text/javascript","v","","","automatic-gap-audit-v6.3-2026-08-13T07-37-33-328Z/manifests/checkpoint.json;automatic-gap-audit-v6.3-2026-08-13T07-37-33-328Z/network/NORMALIZED-CONTRACTS.json;checkpoint.json;controlled-rules-profiler-v6.4-2026-08-13T09-44-49-808Z/manifests/checkpoint.json;controlled-rules-profiler-v6.4-2026-08-13T09-44-49-808Z/network-schemas/CONTRACTS.json;controlled-rules-profiler-v6.4-2026-08-13T09-48-36-699Z/manifests/checkpoint.json;controlled-rules-profiler-v6.4-2026-08-13T09-48-36-699Z/network-schemas/CONTRACTS.json"
"GET","/scripts/assets_v2.js","static-resource","200","text/javascript","v","","","automatic-gap-audit-v6.3-2026-08-13T07-37-33-328Z/manifests/checkpoint.json;automatic-gap-audit-v6.3-2026-08-13T07-37-33-328Z/network/NORMALIZED-CONTRACTS.json;checkpoint.json;controlled-rules-profiler-v6.4-2026-08-13T09-44-49-808Z/manifests/checkpoint.json;controlled-rules-profiler-v6.4-2026-08-13T09-44-49-808Z/network-schemas/CONTRACTS.json;controlled-rules-profiler-v6.4-2026-08-13T09-48-36-699Z/manifests/checkpoint.json;controlled-rules-profiler-v6.4-2026-08-13T09-48-36-699Z/network-schemas/CONTRACTS.json"
"GET","/scripts/assettiger_v2.js","static-resource","200","text/javascript","v","","","automatic-gap-audit-v6.3-2026-08-13T07-37-33-328Z/manifests/checkpoint.json;automatic-gap-audit-v6.3-2026-08-13T07-37-33-328Z/network/NORMALIZED-CONTRACTS.json;checkpoint.json;controlled-rules-profiler-v6.4-2026-08-13T09-36-48-885Z/manifests/checkpoint.json;controlled-rules-profiler-v6.4-2026-08-13T09-36-48-885Z/network-schemas/CONTRACTS.json;controlled-rules-profiler-v6.4-2026-08-13T09-44-49-808Z/manifests/checkpoint.json;controlled-rules-profiler-v6.4-2026-08-13T09-44-49-808Z/network-schemas/CONTRACTS.json;controlled-rules-profiler-v6.4-2026-08-13T09-48-36-699Z/manifests/checkpoint.json;controlled-rules-profiler-v6.4-2026-08-13T09-48-36-699Z/network-schemas/CONTRACTS.json;guided-black-box-lab-v6-2026-08-13T07-24-17-010Z/manifests/run-checkpoint.json"
"GET","/scripts/chartjs/Chart.bundle.js","static-resource","200","text/javascript","","","","automatic-gap-audit-v6.3-2026-08-13T07-37-33-328Z/manifests/checkpoint.json;automatic-gap-audit-v6.3-2026-08-13T07-37-33-328Z/network/NORMALIZED-CONTRACTS.json;checkpoint.json;controlled-rules-profiler-v6.4-2026-08-13T09-36-48-885Z/manifests/checkpoint.json;controlled-rules-profiler-v6.4-2026-08-13T09-36-48-885Z/network-schemas/CONTRACTS.json;controlled-rules-profiler-v6.4-2026-08-13T09-44-49-808Z/manifests/checkpoint.json;controlled-rules-profiler-v6.4-2026-08-13T09-44-49-808Z/network-schemas/CONTRACTS.json;controlled-rules-profiler-v6.4-2026-08-13T09-48-36-699Z/manifests/checkpoint.json;controlled-rules-profiler-v6.4-2026-08-13T09-48-36-699Z/network-schemas/CONTRACTS.json;guided-black-box-lab-v6-2026-08-13T07-24-17-010Z/manifests/run-checkpoint.json"
"GET","/scripts/chartjs/Chart.PieceLabel.min.js","static-resource","200","text/javascript","","","","automatic-gap-audit-v6.3-2026-08-13T07-37-33-328Z/manifests/checkpoint.json;automatic-gap-audit-v6.3-2026-08-13T07-37-33-328Z/network/NORMALIZED-CONTRACTS.json;checkpoint.json;controlled-rules-profiler-v6.4-2026-08-13T09-36-48-885Z/manifests/checkpoint.json;controlled-rules-profiler-v6.4-2026-08-13T09-36-48-885Z/network-schemas/CONTRACTS.json;controlled-rules-profiler-v6.4-2026-08-13T09-44-49-808Z/manifests/checkpoint.json;controlled-rules-profiler-v6.4-2026-08-13T09-44-49-808Z/network-schemas/CONTRACTS.json;controlled-rules-profiler-v6.4-2026-08-13T09-48-36-699Z/manifests/checkpoint.json;controlled-rules-profiler-v6.4-2026-08-13T09-48-36-699Z/network-schemas/CONTRACTS.json;guided-black-box-lab-v6-2026-08-13T07-24-17-010Z/manifests/run-checkpoint.json"
"GET","/scripts/dark-theme.js","static-resource","200","text/javascript","v","","","automatic-gap-audit-v6.3-2026-08-13T07-37-33-328Z/manifests/checkpoint.json;automatic-gap-audit-v6.3-2026-08-13T07-37-33-328Z/network/NORMALIZED-CONTRACTS.json;checkpoint.json;controlled-rules-profiler-v6.4-2026-08-13T09-36-48-885Z/manifests/checkpoint.json;controlled-rules-profiler-v6.4-2026-08-13T09-36-48-885Z/network-schemas/CONTRACTS.json;controlled-rules-profiler-v6.4-2026-08-13T09-44-49-808Z/manifests/checkpoint.json;controlled-rules-profiler-v6.4-2026-08-13T09-44-49-808Z/network-schemas/CONTRACTS.json;controlled-rules-profiler-v6.4-2026-08-13T09-48-36-699Z/manifests/checkpoint.json;controlled-rules-profiler-v6.4-2026-08-13T09-48-36-699Z/network-schemas/CONTRACTS.json;guided-black-box-lab-v6-2026-08-13T07-24-17-010Z/manifests/run-checkpoint.json"
"GET","/scripts/export.js","static-resource","200","text/javascript","","","","automatic-gap-audit-v6.3-2026-08-13T07-37-33-328Z/manifests/checkpoint.json;automatic-gap-audit-v6.3-2026-08-13T07-37-33-328Z/network/NORMALIZED-CONTRACTS.json"
"GET","/scripts/gallary_form.js","static-resource","200","text/javascript","v","","","automatic-gap-audit-v6.3-2026-08-13T07-37-33-328Z/manifests/checkpoint.json;automatic-gap-audit-v6.3-2026-08-13T07-37-33-328Z/network/NORMALIZED-CONTRACTS.json;checkpoint.json;controlled-rules-profiler-v6.4-2026-08-13T09-36-48-885Z/manifests/checkpoint.json;controlled-rules-profiler-v6.4-2026-08-13T09-36-48-885Z/network-schemas/CONTRACTS.json;controlled-rules-profiler-v6.4-2026-08-13T09-44-49-808Z/manifests/checkpoint.json;controlled-rules-profiler-v6.4-2026-08-13T09-44-49-808Z/network-schemas/CONTRACTS.json;controlled-rules-profiler-v6.4-2026-08-13T09-48-36-699Z/manifests/checkpoint.json;controlled-rules-profiler-v6.4-2026-08-13T09-48-36-699Z/network-schemas/CONTRACTS.json"
"GET","/scripts/gps_form_script.js","static-resource","200","text/javascript","","","","automatic-gap-audit-v6.3-2026-08-13T07-37-33-328Z/manifests/checkpoint.json;automatic-gap-audit-v6.3-2026-08-13T07-37-33-328Z/network/NORMALIZED-CONTRACTS.json;checkpoint.json;controlled-rules-profiler-v6.4-2026-08-13T09-44-49-808Z/manifests/checkpoint.json;controlled-rules-profiler-v6.4-2026-08-13T09-44-49-808Z/network-schemas/CONTRACTS.json;controlled-rules-profiler-v6.4-2026-08-13T09-48-36-699Z/manifests/checkpoint.json;controlled-rules-profiler-v6.4-2026-08-13T09-48-36-699Z/network-schemas/CONTRACTS.json"
"GET","/scripts/homeV2.js","static-resource","200","text/javascript","v","","","automatic-gap-audit-v6.3-2026-08-13T07-37-33-328Z/manifests/checkpoint.json;automatic-gap-audit-v6.3-2026-08-13T07-37-33-328Z/network/NORMALIZED-CONTRACTS.json;checkpoint.json;controlled-rules-profiler-v6.4-2026-08-13T09-36-48-885Z/manifests/checkpoint.json;controlled-rules-profiler-v6.4-2026-08-13T09-36-48-885Z/network-schemas/CONTRACTS.json;controlled-rules-profiler-v6.4-2026-08-13T09-44-49-808Z/manifests/checkpoint.json;controlled-rules-profiler-v6.4-2026-08-13T09-44-49-808Z/network-schemas/CONTRACTS.json;guided-black-box-lab-v6-2026-08-13T07-24-17-010Z/manifests/run-checkpoint.json"
"GET","/scripts/initgraph.js","static-resource","200","text/javascript","ver","","","automatic-gap-audit-v6.3-2026-08-13T07-37-33-328Z/manifests/checkpoint.json;automatic-gap-audit-v6.3-2026-08-13T07-37-33-328Z/network/NORMALIZED-CONTRACTS.json;checkpoint.json;controlled-rules-profiler-v6.4-2026-08-13T09-36-48-885Z/manifests/checkpoint.json;controlled-rules-profiler-v6.4-2026-08-13T09-36-48-885Z/network-schemas/CONTRACTS.json;controlled-rules-profiler-v6.4-2026-08-13T09-44-49-808Z/manifests/checkpoint.json;controlled-rules-profiler-v6.4-2026-08-13T09-44-49-808Z/network-schemas/CONTRACTS.json;controlled-rules-profiler-v6.4-2026-08-13T09-48-36-699Z/manifests/checkpoint.json;controlled-rules-profiler-v6.4-2026-08-13T09-48-36-699Z/network-schemas/CONTRACTS.json;guided-black-box-lab-v6-2026-08-13T07-24-17-010Z/manifests/run-checkpoint.json"
"GET","/scripts/jquery-3.6.3.min.js","static-resource","200","text/javascript","","","","automatic-gap-audit-v6.3-2026-08-13T07-37-33-328Z/manifests/checkpoint.json;automatic-gap-audit-v6.3-2026-08-13T07-37-33-328Z/network/NORMALIZED-CONTRACTS.json;checkpoint.json;controlled-rules-profiler-v6.4-2026-08-13T09-36-48-885Z/manifests/checkpoint.json;controlled-rules-profiler-v6.4-2026-08-13T09-36-48-885Z/network-schemas/CONTRACTS.json;controlled-rules-profiler-v6.4-2026-08-13T09-44-49-808Z/manifests/checkpoint.json;controlled-rules-profiler-v6.4-2026-08-13T09-44-49-808Z/network-schemas/CONTRACTS.json;guided-black-box-lab-v6-2026-08-13T07-24-17-010Z/manifests/run-checkpoint.json"
"GET","/scripts/jquery.simplecolorpicker.js","static-resource","200","text/javascript","","","","automatic-gap-audit-v6.3-2026-08-13T07-37-33-328Z/manifests/checkpoint.json;automatic-gap-audit-v6.3-2026-08-13T07-37-33-328Z/network/NORMALIZED-CONTRACTS.json;checkpoint.json"
"GET","/scripts/jquery.ui.touch-punch.min.js","static-resource","200","text/javascript","","","","automatic-gap-audit-v6.3-2026-08-13T07-37-33-328Z/manifests/checkpoint.json;automatic-gap-audit-v6.3-2026-08-13T07-37-33-328Z/network/NORMALIZED-CONTRACTS.json;checkpoint.json;controlled-rules-profiler-v6.4-2026-08-13T09-44-49-808Z/manifests/checkpoint.json;controlled-rules-profiler-v6.4-2026-08-13T09-44-49-808Z/network-schemas/CONTRACTS.json;controlled-rules-profiler-v6.4-2026-08-13T09-48-36-699Z/manifests/checkpoint.json;controlled-rules-profiler-v6.4-2026-08-13T09-48-36-699Z/network-schemas/CONTRACTS.json"
"GET","/scripts/jquery.unobtrusive-ajax.js","static-resource","200","text/javascript","","","","automatic-gap-audit-v6.3-2026-08-13T07-37-33-328Z/manifests/checkpoint.json;automatic-gap-audit-v6.3-2026-08-13T07-37-33-328Z/network/NORMALIZED-CONTRACTS.json;checkpoint.json;controlled-rules-profiler-v6.4-2026-08-13T09-36-48-885Z/manifests/checkpoint.json;controlled-rules-profiler-v6.4-2026-08-13T09-36-48-885Z/network-schemas/CONTRACTS.json;controlled-rules-profiler-v6.4-2026-08-13T09-44-49-808Z/manifests/checkpoint.json;controlled-rules-profiler-v6.4-2026-08-13T09-44-49-808Z/network-schemas/CONTRACTS.json;controlled-rules-profiler-v6.4-2026-08-13T09-48-36-699Z/manifests/checkpoint.json;controlled-rules-profiler-v6.4-2026-08-13T09-48-36-699Z/network-schemas/CONTRACTS.json;guided-black-box-lab-v6-2026-08-13T07-24-17-010Z/manifests/run-checkpoint.json"
"GET","/scripts/jquery.validate.js","static-resource","200","text/javascript","v","","","automatic-gap-audit-v6.3-2026-08-13T07-37-33-328Z/manifests/checkpoint.json;automatic-gap-audit-v6.3-2026-08-13T07-37-33-328Z/network/NORMALIZED-CONTRACTS.json;checkpoint.json;controlled-rules-profiler-v6.4-2026-08-13T09-36-48-885Z/manifests/checkpoint.json;controlled-rules-profiler-v6.4-2026-08-13T09-36-48-885Z/network-schemas/CONTRACTS.json;controlled-rules-profiler-v6.4-2026-08-13T09-44-49-808Z/manifests/checkpoint.json;controlled-rules-profiler-v6.4-2026-08-13T09-44-49-808Z/network-schemas/CONTRACTS.json;controlled-rules-profiler-v6.4-2026-08-13T09-48-36-699Z/manifests/checkpoint.json;controlled-rules-profiler-v6.4-2026-08-13T09-48-36-699Z/network-schemas/CONTRACTS.json;guided-black-box-lab-v6-2026-08-13T07-24-17-010Z/manifests/run-checkpoint.json"
"GET","/scripts/lib/accessibility.js","static-resource","200","text/javascript","","","","automatic-gap-audit-v6.3-2026-08-13T07-37-33-328Z/manifests/checkpoint.json;automatic-gap-audit-v6.3-2026-08-13T07-37-33-328Z/network/NORMALIZED-CONTRACTS.json;checkpoint.json;controlled-rules-profiler-v6.4-2026-08-13T09-36-48-885Z/manifests/checkpoint.json;controlled-rules-profiler-v6.4-2026-08-13T09-36-48-885Z/network-schemas/CONTRACTS.json;controlled-rules-profiler-v6.4-2026-08-13T09-44-49-808Z/manifests/checkpoint.json;controlled-rules-profiler-v6.4-2026-08-13T09-44-49-808Z/network-schemas/CONTRACTS.json;controlled-rules-profiler-v6.4-2026-08-13T09-48-36-699Z/manifests/checkpoint.json;controlled-rules-profiler-v6.4-2026-08-13T09-48-36-699Z/network-schemas/CONTRACTS.json;guided-black-box-lab-v6-2026-08-13T07-24-17-010Z/manifests/run-checkpoint.json"
"GET","/scripts/lib/aos.js","static-resource","200","text/javascript","","","","automatic-gap-audit-v6.3-2026-08-13T07-37-33-328Z/manifests/checkpoint.json;automatic-gap-audit-v6.3-2026-08-13T07-37-33-328Z/network/NORMALIZED-CONTRACTS.json;checkpoint.json;controlled-rules-profiler-v6.4-2026-08-13T09-36-48-885Z/manifests/checkpoint.json;controlled-rules-profiler-v6.4-2026-08-13T09-36-48-885Z/network-schemas/CONTRACTS.json;controlled-rules-profiler-v6.4-2026-08-13T09-44-49-808Z/manifests/checkpoint.json;controlled-rules-profiler-v6.4-2026-08-13T09-44-49-808Z/network-schemas/CONTRACTS.json;guided-black-box-lab-v6-2026-08-13T07-24-17-010Z/manifests/run-checkpoint.json"
"GET","/scripts/lib/bootbox/bootbox.min.js","static-resource","200","text/javascript","","","","automatic-gap-audit-v6.3-2026-08-13T07-37-33-328Z/manifests/checkpoint.json;automatic-gap-audit-v6.3-2026-08-13T07-37-33-328Z/network/NORMALIZED-CONTRACTS.json;checkpoint.json;controlled-rules-profiler-v6.4-2026-08-13T09-44-49-808Z/manifests/checkpoint.json;controlled-rules-profiler-v6.4-2026-08-13T09-44-49-808Z/network-schemas/CONTRACTS.json;controlled-rules-profiler-v6.4-2026-08-13T09-48-36-699Z/manifests/checkpoint.json;controlled-rules-profiler-v6.4-2026-08-13T09-48-36-699Z/network-schemas/CONTRACTS.json"
"GET","/scripts/lib/bootstrap-select.min.js","static-resource","200","text/javascript","","","","automatic-gap-audit-v6.3-2026-08-13T07-37-33-328Z/manifests/checkpoint.json;automatic-gap-audit-v6.3-2026-08-13T07-37-33-328Z/network/NORMALIZED-CONTRACTS.json;checkpoint.json;controlled-rules-profiler-v6.4-2026-08-13T09-36-48-885Z/manifests/checkpoint.json;controlled-rules-profiler-v6.4-2026-08-13T09-36-48-885Z/network-schemas/CONTRACTS.json;controlled-rules-profiler-v6.4-2026-08-13T09-44-49-808Z/manifests/checkpoint.json;controlled-rules-profiler-v6.4-2026-08-13T09-44-49-808Z/network-schemas/CONTRACTS.json;controlled-rules-profiler-v6.4-2026-08-13T09-48-36-699Z/manifests/checkpoint.json;controlled-rules-profiler-v6.4-2026-08-13T09-48-36-699Z/network-schemas/CONTRACTS.json"
"GET","/scripts/lib/calendar/fullcalendar.min.css","static-resource","200","text/css","","","","automatic-gap-audit-v6.3-2026-08-13T07-37-33-328Z/manifests/checkpoint.json;automatic-gap-audit-v6.3-2026-08-13T07-37-33-328Z/network/NORMALIZED-CONTRACTS.json;checkpoint.json;controlled-rules-profiler-v6.4-2026-08-13T09-36-48-885Z/manifests/checkpoint.json;controlled-rules-profiler-v6.4-2026-08-13T09-36-48-885Z/network-schemas/CONTRACTS.json;controlled-rules-profiler-v6.4-2026-08-13T09-44-49-808Z/manifests/checkpoint.json;controlled-rules-profiler-v6.4-2026-08-13T09-44-49-808Z/network-schemas/CONTRACTS.json;controlled-rules-profiler-v6.4-2026-08-13T09-48-36-699Z/manifests/checkpoint.json;controlled-rules-profiler-v6.4-2026-08-13T09-48-36-699Z/network-schemas/CONTRACTS.json;guided-black-box-lab-v6-2026-08-13T07-24-17-010Z/manifests/run-checkpoint.json"
"GET","/scripts/lib/calendar/fullcalendar.min.js","static-resource","200","text/javascript","","","","automatic-gap-audit-v6.3-2026-08-13T07-37-33-328Z/manifests/checkpoint.json;automatic-gap-audit-v6.3-2026-08-13T07-37-33-328Z/network/NORMALIZED-CONTRACTS.json;checkpoint.json;controlled-rules-profiler-v6.4-2026-08-13T09-36-48-885Z/manifests/checkpoint.json;controlled-rules-profiler-v6.4-2026-08-13T09-36-48-885Z/network-schemas/CONTRACTS.json;controlled-rules-profiler-v6.4-2026-08-13T09-44-49-808Z/manifests/checkpoint.json;controlled-rules-profiler-v6.4-2026-08-13T09-44-49-808Z/network-schemas/CONTRACTS.json;controlled-rules-profiler-v6.4-2026-08-13T09-48-36-699Z/manifests/checkpoint.json;controlled-rules-profiler-v6.4-2026-08-13T09-48-36-699Z/network-schemas/CONTRACTS.json;guided-black-box-lab-v6-2026-08-13T07-24-17-010Z/manifests/run-checkpoint.json"
"GET","/scripts/lib/cropper/cropmain_edit.js","static-resource","200","text/javascript","","","","automatic-gap-audit-v6.3-2026-08-13T07-37-33-328Z/manifests/checkpoint.json;automatic-gap-audit-v6.3-2026-08-13T07-37-33-328Z/network/NORMALIZED-CONTRACTS.json"
"GET","/scripts/lib/cropper/cropmain.css","static-resource","200","text/css","","","","automatic-gap-audit-v6.3-2026-08-13T07-37-33-328Z/manifests/checkpoint.json;automatic-gap-audit-v6.3-2026-08-13T07-37-33-328Z/network/NORMALIZED-CONTRACTS.json;checkpoint.json;controlled-rules-profiler-v6.4-2026-08-13T09-36-48-885Z/manifests/checkpoint.json;controlled-rules-profiler-v6.4-2026-08-13T09-36-48-885Z/network-schemas/CONTRACTS.json;controlled-rules-profiler-v6.4-2026-08-13T09-44-49-808Z/manifests/checkpoint.json;controlled-rules-profiler-v6.4-2026-08-13T09-44-49-808Z/network-schemas/CONTRACTS.json;controlled-rules-profiler-v6.4-2026-08-13T09-48-36-699Z/manifests/checkpoint.json;controlled-rules-profiler-v6.4-2026-08-13T09-48-36-699Z/network-schemas/CONTRACTS.json"
"GET","/scripts/lib/cropper/cropmain.js","static-resource","200","text/javascript","","","","automatic-gap-audit-v6.3-2026-08-13T07-37-33-328Z/manifests/checkpoint.json;automatic-gap-audit-v6.3-2026-08-13T07-37-33-328Z/network/NORMALIZED-CONTRACTS.json;checkpoint.json;controlled-rules-profiler-v6.4-2026-08-13T09-36-48-885Z/manifests/checkpoint.json;controlled-rules-profiler-v6.4-2026-08-13T09-36-48-885Z/network-schemas/CONTRACTS.json;controlled-rules-profiler-v6.4-2026-08-13T09-44-49-808Z/manifests/checkpoint.json;controlled-rules-profiler-v6.4-2026-08-13T09-44-49-808Z/network-schemas/CONTRACTS.json;controlled-rules-profiler-v6.4-2026-08-13T09-48-36-699Z/manifests/checkpoint.json;controlled-rules-profiler-v6.4-2026-08-13T09-48-36-699Z/network-schemas/CONTRACTS.json"
"GET","/scripts/lib/cropper/cropper.min.css","static-resource","200","text/css","","","","automatic-gap-audit-v6.3-2026-08-13T07-37-33-328Z/manifests/checkpoint.json;automatic-gap-audit-v6.3-2026-08-13T07-37-33-328Z/network/NORMALIZED-CONTRACTS.json;checkpoint.json;controlled-rules-profiler-v6.4-2026-08-13T09-36-48-885Z/manifests/checkpoint.json;controlled-rules-profiler-v6.4-2026-08-13T09-36-48-885Z/network-schemas/CONTRACTS.json;controlled-rules-profiler-v6.4-2026-08-13T09-44-49-808Z/manifests/checkpoint.json;controlled-rules-profiler-v6.4-2026-08-13T09-44-49-808Z/network-schemas/CONTRACTS.json;controlled-rules-profiler-v6.4-2026-08-13T09-48-36-699Z/manifests/checkpoint.json;controlled-rules-profiler-v6.4-2026-08-13T09-48-36-699Z/network-schemas/CONTRACTS.json"
"GET","/scripts/lib/cropper/cropper.min.js","static-resource","200","text/javascript","","","","automatic-gap-audit-v6.3-2026-08-13T07-37-33-328Z/manifests/checkpoint.json;automatic-gap-audit-v6.3-2026-08-13T07-37-33-328Z/network/NORMALIZED-CONTRACTS.json;checkpoint.json;controlled-rules-profiler-v6.4-2026-08-13T09-36-48-885Z/manifests/checkpoint.json;controlled-rules-profiler-v6.4-2026-08-13T09-36-48-885Z/network-schemas/CONTRACTS.json;controlled-rules-profiler-v6.4-2026-08-13T09-44-49-808Z/manifests/checkpoint.json;controlled-rules-profiler-v6.4-2026-08-13T09-44-49-808Z/network-schemas/CONTRACTS.json;controlled-rules-profiler-v6.4-2026-08-13T09-48-36-699Z/manifests/checkpoint.json;controlled-rules-profiler-v6.4-2026-08-13T09-48-36-699Z/network-schemas/CONTRACTS.json"
"GET","/Scripts/lib/datatables/dataTables.min.css","static-resource","200","text/css","","","","automatic-gap-audit-v6.3-2026-08-13T07-37-33-328Z/manifests/checkpoint.json;automatic-gap-audit-v6.3-2026-08-13T07-37-33-328Z/network/NORMALIZED-CONTRACTS.json;checkpoint.json;controlled-rules-profiler-v6.4-2026-08-13T09-44-49-808Z/manifests/checkpoint.json;controlled-rules-profiler-v6.4-2026-08-13T09-44-49-808Z/network-schemas/CONTRACTS.json;controlled-rules-profiler-v6.4-2026-08-13T09-48-36-699Z/manifests/checkpoint.json;controlled-rules-profiler-v6.4-2026-08-13T09-48-36-699Z/network-schemas/CONTRACTS.json"
"GET","/scripts/lib/datatables/dataTables.min.js","static-resource","200","text/javascript","","","","automatic-gap-audit-v6.3-2026-08-13T07-37-33-328Z/manifests/checkpoint.json;automatic-gap-audit-v6.3-2026-08-13T07-37-33-328Z/network/NORMALIZED-CONTRACTS.json;checkpoint.json;controlled-rules-profiler-v6.4-2026-08-13T09-44-49-808Z/manifests/checkpoint.json;controlled-rules-profiler-v6.4-2026-08-13T09-44-49-808Z/network-schemas/CONTRACTS.json;controlled-rules-profiler-v6.4-2026-08-13T09-48-36-699Z/manifests/checkpoint.json;controlled-rules-profiler-v6.4-2026-08-13T09-48-36-699Z/network-schemas/CONTRACTS.json"
"GET","/scripts/lib/dropzone/css/dropzone.css","static-resource","200","text/css","","","","automatic-gap-audit-v6.3-2026-08-13T07-37-33-328Z/manifests/checkpoint.json;automatic-gap-audit-v6.3-2026-08-13T07-37-33-328Z/network/NORMALIZED-CONTRACTS.json;checkpoint.json;controlled-rules-profiler-v6.4-2026-08-13T09-36-48-885Z/manifests/checkpoint.json;controlled-rules-profiler-v6.4-2026-08-13T09-36-48-885Z/network-schemas/CONTRACTS.json;controlled-rules-profiler-v6.4-2026-08-13T09-44-49-808Z/manifests/checkpoint.json;controlled-rules-profiler-v6.4-2026-08-13T09-44-49-808Z/network-schemas/CONTRACTS.json;controlled-rules-profiler-v6.4-2026-08-13T09-48-36-699Z/manifests/checkpoint.json;controlled-rules-profiler-v6.4-2026-08-13T09-48-36-699Z/network-schemas/CONTRACTS.json"
"GET","/scripts/lib/dropzone/dropzone.js","static-resource","200","text/javascript","v","","","automatic-gap-audit-v6.3-2026-08-13T07-37-33-328Z/manifests/checkpoint.json;automatic-gap-audit-v6.3-2026-08-13T07-37-33-328Z/network/NORMALIZED-CONTRACTS.json;checkpoint.json;controlled-rules-profiler-v6.4-2026-08-13T09-36-48-885Z/manifests/checkpoint.json;controlled-rules-profiler-v6.4-2026-08-13T09-36-48-885Z/network-schemas/CONTRACTS.json;controlled-rules-profiler-v6.4-2026-08-13T09-44-49-808Z/manifests/checkpoint.json;controlled-rules-profiler-v6.4-2026-08-13T09-44-49-808Z/network-schemas/CONTRACTS.json;controlled-rules-profiler-v6.4-2026-08-13T09-48-36-699Z/manifests/checkpoint.json;controlled-rules-profiler-v6.4-2026-08-13T09-48-36-699Z/network-schemas/CONTRACTS.json"
"GET","/scripts/lib/fancybox/3.5.7/jquery.fancybox.min.css","static-resource","200","text/css","","","","automatic-gap-audit-v6.3-2026-08-13T07-37-33-328Z/manifests/checkpoint.json;automatic-gap-audit-v6.3-2026-08-13T07-37-33-328Z/network/NORMALIZED-CONTRACTS.json;checkpoint.json;controlled-rules-profiler-v6.4-2026-08-13T09-44-49-808Z/manifests/checkpoint.json;controlled-rules-profiler-v6.4-2026-08-13T09-44-49-808Z/network-schemas/CONTRACTS.json;controlled-rules-profiler-v6.4-2026-08-13T09-48-36-699Z/manifests/checkpoint.json;controlled-rules-profiler-v6.4-2026-08-13T09-48-36-699Z/network-schemas/CONTRACTS.json"
"GET","/scripts/lib/fancybox/3.5.7/jquery.fancybox.min.js","static-resource","200","text/javascript","","","","automatic-gap-audit-v6.3-2026-08-13T07-37-33-328Z/manifests/checkpoint.json;automatic-gap-audit-v6.3-2026-08-13T07-37-33-328Z/network/NORMALIZED-CONTRACTS.json;checkpoint.json;controlled-rules-profiler-v6.4-2026-08-13T09-44-49-808Z/manifests/checkpoint.json;controlled-rules-profiler-v6.4-2026-08-13T09-44-49-808Z/network-schemas/CONTRACTS.json;controlled-rules-profiler-v6.4-2026-08-13T09-48-36-699Z/manifests/checkpoint.json;controlled-rules-profiler-v6.4-2026-08-13T09-48-36-699Z/network-schemas/CONTRACTS.json"
"GET","/scripts/lib/flatpickr/flatpickr.min.css","static-resource","200","text/css","","","","automatic-gap-audit-v6.3-2026-08-13T07-37-33-328Z/manifests/checkpoint.json;automatic-gap-audit-v6.3-2026-08-13T07-37-33-328Z/network/NORMALIZED-CONTRACTS.json"
"GET","/scripts/lib/flatpickr/flatpickr.min.js","static-resource","200","text/javascript","","","","automatic-gap-audit-v6.3-2026-08-13T07-37-33-328Z/manifests/checkpoint.json;automatic-gap-audit-v6.3-2026-08-13T07-37-33-328Z/network/NORMALIZED-CONTRACTS.json"
"GET","/scripts/lib/gmaps/gmaps.js","static-resource","200","text/javascript","","","","automatic-gap-audit-v6.3-2026-08-13T07-37-33-328Z/manifests/checkpoint.json;automatic-gap-audit-v6.3-2026-08-13T07-37-33-328Z/network/NORMALIZED-CONTRACTS.json;checkpoint.json;controlled-rules-profiler-v6.4-2026-08-13T09-44-49-808Z/manifests/checkpoint.json;controlled-rules-profiler-v6.4-2026-08-13T09-44-49-808Z/network-schemas/CONTRACTS.json;controlled-rules-profiler-v6.4-2026-08-13T09-48-36-699Z/manifests/checkpoint.json;controlled-rules-profiler-v6.4-2026-08-13T09-48-36-699Z/network-schemas/CONTRACTS.json"
"GET","/scripts/lib/jquery-validation-unobtrusive/3.2.12/jquery.validate.unobtrusive.min.js","static-resource","200","text/javascript","","","","automatic-gap-audit-v6.3-2026-08-13T07-37-33-328Z/manifests/checkpoint.json;automatic-gap-audit-v6.3-2026-08-13T07-37-33-328Z/network/NORMALIZED-CONTRACTS.json;checkpoint.json;controlled-rules-profiler-v6.4-2026-08-13T09-36-48-885Z/manifests/checkpoint.json;controlled-rules-profiler-v6.4-2026-08-13T09-36-48-885Z/network-schemas/CONTRACTS.json;controlled-rules-profiler-v6.4-2026-08-13T09-44-49-808Z/manifests/checkpoint.json;controlled-rules-profiler-v6.4-2026-08-13T09-44-49-808Z/network-schemas/CONTRACTS.json;controlled-rules-profiler-v6.4-2026-08-13T09-48-36-699Z/manifests/checkpoint.json;controlled-rules-profiler-v6.4-2026-08-13T09-48-36-699Z/network-schemas/CONTRACTS.json;guided-black-box-lab-v6-2026-08-13T07-24-17-010Z/manifests/run-checkpoint.json"
"GET","/scripts/lib/magnific-popup.min.js","static-resource","200","text/javascript","","","","automatic-gap-audit-v6.3-2026-08-13T07-37-33-328Z/manifests/checkpoint.json;automatic-gap-audit-v6.3-2026-08-13T07-37-33-328Z/network/NORMALIZED-CONTRACTS.json;checkpoint.json;controlled-rules-profiler-v6.4-2026-08-13T09-36-48-885Z/manifests/checkpoint.json;controlled-rules-profiler-v6.4-2026-08-13T09-36-48-885Z/network-schemas/CONTRACTS.json;controlled-rules-profiler-v6.4-2026-08-13T09-44-49-808Z/manifests/checkpoint.json;controlled-rules-profiler-v6.4-2026-08-13T09-44-49-808Z/network-schemas/CONTRACTS.json;guided-black-box-lab-v6-2026-08-13T07-24-17-010Z/manifests/run-checkpoint.json"
"GET","/scripts/lib/select2/select2.full.min.js","static-resource","200","text/javascript","","","","automatic-gap-audit-v6.3-2026-08-13T07-37-33-328Z/manifests/checkpoint.json;automatic-gap-audit-v6.3-2026-08-13T07-37-33-328Z/network/NORMALIZED-CONTRACTS.json;checkpoint.json;controlled-rules-profiler-v6.4-2026-08-13T09-36-48-885Z/manifests/checkpoint.json;controlled-rules-profiler-v6.4-2026-08-13T09-36-48-885Z/network-schemas/CONTRACTS.json;controlled-rules-profiler-v6.4-2026-08-13T09-44-49-808Z/manifests/checkpoint.json;controlled-rules-profiler-v6.4-2026-08-13T09-44-49-808Z/network-schemas/CONTRACTS.json;controlled-rules-profiler-v6.4-2026-08-13T09-48-36-699Z/manifests/checkpoint.json;controlled-rules-profiler-v6.4-2026-08-13T09-48-36-699Z/network-schemas/CONTRACTS.json"
"GET","/scripts/lib/slim/slim.kickstart.js","static-resource","200","text/javascript","","","","automatic-gap-audit-v6.3-2026-08-13T07-37-33-328Z/manifests/checkpoint.json;automatic-gap-audit-v6.3-2026-08-13T07-37-33-328Z/network/NORMALIZED-CONTRACTS.json;checkpoint.json;controlled-rules-profiler-v6.4-2026-08-13T09-36-48-885Z/manifests/checkpoint.json;controlled-rules-profiler-v6.4-2026-08-13T09-36-48-885Z/network-schemas/CONTRACTS.json;controlled-rules-profiler-v6.4-2026-08-13T09-44-49-808Z/manifests/checkpoint.json;controlled-rules-profiler-v6.4-2026-08-13T09-44-49-808Z/network-schemas/CONTRACTS.json;controlled-rules-profiler-v6.4-2026-08-13T09-48-36-699Z/manifests/checkpoint.json;controlled-rules-profiler-v6.4-2026-08-13T09-48-36-699Z/network-schemas/CONTRACTS.json"
"GET","/scripts/lib/slim/slim.min.css","static-resource","200","text/css","v","","","automatic-gap-audit-v6.3-2026-08-13T07-37-33-328Z/manifests/checkpoint.json;automatic-gap-audit-v6.3-2026-08-13T07-37-33-328Z/network/NORMALIZED-CONTRACTS.json;checkpoint.json;controlled-rules-profiler-v6.4-2026-08-13T09-36-48-885Z/manifests/checkpoint.json;controlled-rules-profiler-v6.4-2026-08-13T09-36-48-885Z/network-schemas/CONTRACTS.json;controlled-rules-profiler-v6.4-2026-08-13T09-44-49-808Z/manifests/checkpoint.json;controlled-rules-profiler-v6.4-2026-08-13T09-44-49-808Z/network-schemas/CONTRACTS.json;controlled-rules-profiler-v6.4-2026-08-13T09-48-36-699Z/manifests/checkpoint.json;controlled-rules-profiler-v6.4-2026-08-13T09-48-36-699Z/network-schemas/CONTRACTS.json"
"GET","/scripts/lib/sortable/jquery.sortable.js","static-resource","200","text/javascript","","","","automatic-gap-audit-v6.3-2026-08-13T07-37-33-328Z/manifests/checkpoint.json;automatic-gap-audit-v6.3-2026-08-13T07-37-33-328Z/network/NORMALIZED-CONTRACTS.json;checkpoint.json;controlled-rules-profiler-v6.4-2026-08-13T09-44-49-808Z/manifests/checkpoint.json;controlled-rules-profiler-v6.4-2026-08-13T09-44-49-808Z/network-schemas/CONTRACTS.json;controlled-rules-profiler-v6.4-2026-08-13T09-48-36-699Z/manifests/checkpoint.json;controlled-rules-profiler-v6.4-2026-08-13T09-48-36-699Z/network-schemas/CONTRACTS.json"
"GET","/scripts/manage_dashboard.js","static-resource","200","text/javascript","","","","automatic-gap-audit-v6.3-2026-08-13T07-37-33-328Z/manifests/checkpoint.json;automatic-gap-audit-v6.3-2026-08-13T07-37-33-328Z/network/NORMALIZED-CONTRACTS.json;checkpoint.json"
"GET","/scripts/scrolltab/jquery.scrolling-tabs.min.js","static-resource","200","text/javascript","","","","automatic-gap-audit-v6.3-2026-08-13T07-37-33-328Z/manifests/checkpoint.json;automatic-gap-audit-v6.3-2026-08-13T07-37-33-328Z/network/NORMALIZED-CONTRACTS.json;checkpoint.json;controlled-rules-profiler-v6.4-2026-08-13T09-36-48-885Z/manifests/checkpoint.json;controlled-rules-profiler-v6.4-2026-08-13T09-36-48-885Z/network-schemas/CONTRACTS.json;controlled-rules-profiler-v6.4-2026-08-13T09-44-49-808Z/manifests/checkpoint.json;controlled-rules-profiler-v6.4-2026-08-13T09-44-49-808Z/network-schemas/CONTRACTS.json;controlled-rules-profiler-v6.4-2026-08-13T09-48-36-699Z/manifests/checkpoint.json;controlled-rules-profiler-v6.4-2026-08-13T09-48-36-699Z/network-schemas/CONTRACTS.json;guided-black-box-lab-v6-2026-08-13T07-24-17-010Z/manifests/run-checkpoint.json"
"GET","/scripts/setup-inventory.js","static-resource","200","text/javascript","","","","automatic-gap-audit-v6.3-2026-08-13T07-37-33-328Z/manifests/checkpoint.json;automatic-gap-audit-v6.3-2026-08-13T07-37-33-328Z/network/NORMALIZED-CONTRACTS.json;checkpoint.json"
"GET","/scripts/signalr.min.js","static-resource","200","text/javascript","","","","automatic-gap-audit-v6.3-2026-08-13T07-37-33-328Z/manifests/checkpoint.json;automatic-gap-audit-v6.3-2026-08-13T07-37-33-328Z/network/NORMALIZED-CONTRACTS.json;checkpoint.json"
"GET","/scripts/slick.min.js","static-resource","200","text/javascript","","","","automatic-gap-audit-v6.3-2026-08-13T07-37-33-328Z/manifests/checkpoint.json;automatic-gap-audit-v6.3-2026-08-13T07-37-33-328Z/network/NORMALIZED-CONTRACTS.json;checkpoint.json;controlled-rules-profiler-v6.4-2026-08-13T09-36-48-885Z/manifests/checkpoint.json;controlled-rules-profiler-v6.4-2026-08-13T09-36-48-885Z/network-schemas/CONTRACTS.json;controlled-rules-profiler-v6.4-2026-08-13T09-44-49-808Z/manifests/checkpoint.json;controlled-rules-profiler-v6.4-2026-08-13T09-44-49-808Z/network-schemas/CONTRACTS.json;guided-black-box-lab-v6-2026-08-13T07-24-17-010Z/manifests/run-checkpoint.json"
"GET","/xp2/mat/content/images/102161587_256.jpg","static-resource","200","image/jpeg","","","","checkpoint.json"
"GET","/xp2/mat/content/images/107021312_256.jpg","static-resource","200","image/jpeg","","","","checkpoint.json"
"GET","/xp2/mat/content/images/123970411_a_256.jpg","static-resource","200","image/jpeg","","","","checkpoint.json"
"GET","/xp2/mat/content/images/123970411_b_256.jpg","static-resource","200","image/jpeg","","","","checkpoint.json"
"GET","/xp2/mat/content/images/123970411_c_256.jpg","static-resource","200","image/jpeg","","","","checkpoint.json"
"GET","/xp2/mat/content/images/123970411_d_256.jpg","static-resource","200","image/jpeg","","","","checkpoint.json"
"GET","/xp2/mat/content/images/126735548_a_256.jpg","static-resource","200","image/jpeg","","","","checkpoint.json"
"GET","/xp2/mat/content/images/126735548_b_256.jpg","static-resource","200","image/jpeg","","","","checkpoint.json"
"GET","/xp2/mat/content/images/128643254_256.jpg","static-resource","200","image/jpeg","","","","checkpoint.json"
"GET","/xp2/mat/content/images/135453611_256.jpg","static-resource","200","image/jpeg","","","","checkpoint.json"
"GET","/xp2/mat/content/images/142127740_256.jpg","static-resource","200","image/jpeg","","","","checkpoint.json"
"GET","/xp2/mat/content/images/159674423_256.jpg","static-resource","200","image/jpeg","","","","checkpoint.json"
"GET","/xp2/mat/content/images/197567660_a_256.jpg","static-resource","200","image/jpeg","","","","checkpoint.json"
"GET","/xp2/mat/content/images/197567660_b_256.jpg","static-resource","200","image/jpeg","","","","checkpoint.json"
"GET","/xp2/mat/content/images/197567660_c_256.jpg","static-resource","200","image/jpeg","","","","checkpoint.json"
"GET","/xp2/mat/content/images/213718546_256.jpg","static-resource","200","image/jpeg","","","","checkpoint.json"
"GET","/xp2/mat/content/images/217423540_a_256.jpg","static-resource","200","image/jpeg","","","","checkpoint.json"
"GET","/xp2/mat/content/images/217423540_b_256.jpg","static-resource","200","image/jpeg","","","","checkpoint.json"
"GET","/xp2/mat/content/images/217423540_c_256.jpg","static-resource","200","image/jpeg","","","","checkpoint.json"
"GET","/xp2/mat/content/images/217423540_d_256.jpg","static-resource","200","image/jpeg","","","","checkpoint.json"
"GET","/xp2/mat/content/images/217423540_e_256.jpg","static-resource","200","image/jpeg","","","","checkpoint.json"
"GET","/xp2/mat/content/images/217423540_f_256.jpg","static-resource","200","image/jpeg","","","","checkpoint.json"
"GET","/xp2/mat/content/images/217423540_g_256.jpg","static-resource","200","image/jpeg","","","","checkpoint.json"
"GET","/xp2/mat/content/images/217423540_h_256.jpg","static-resource","200","image/jpeg","","","","checkpoint.json"
"GET","/xp2/mat/content/images/217423540_i_256.jpg","static-resource","200","image/jpeg","","","","checkpoint.json"
"GET","/xp2/mat/content/images/233072941_256.jpg","static-resource","200","image/jpeg","","","","checkpoint.json"
"GET","/xp2/mat/content/images/242400463_256.jpg","static-resource","200","image/jpeg","","","","checkpoint.json"
"GET","/xp2/mat/content/images/257963498_256.jpg","static-resource","200","image/jpeg","","","","checkpoint.json"
"GET","/xp2/mat/content/images/262793654_256.jpg","static-resource","200","image/jpeg","","","","checkpoint.json"
"GET","/xp2/mat/content/images/336521489_a_256.jpg","static-resource","200","image/jpeg","","","","checkpoint.json"
"GET","/xp2/mat/content/images/336521489_b_256.jpg","static-resource","200","image/jpeg","","","","checkpoint.json"
"GET","/xp2/mat/content/images/336521489_c_256.jpg","static-resource","200","image/jpeg","","","","checkpoint.json"
"GET","/xp2/mat/content/images/336521489_d_256.jpg","static-resource","200","image/jpeg","","","","checkpoint.json"
"GET","/xp2/mat/content/images/356501300_256.jpg","static-resource","200","image/jpeg","","","","checkpoint.json"
"GET","/xp2/mat/content/images/61469623_256.jpg","static-resource","200","image/jpeg","","","","checkpoint.json"
"GET","/xp2/mat/content/images/83904448_d_256.jpg","static-resource","200","image/jpeg","","","","checkpoint.json"
"GET","/xp2/mat/content/images/86265820_256.jpg","static-resource","200","image/jpeg","","","","checkpoint.json"
"GET","/xp2/mat/content/images/89078404_256.jpg","static-resource","200","image/jpeg","","","","checkpoint.json"
"GET","/xp2/mat/content/images/95568295_256.jpg","static-resource","200","image/jpeg","","","","checkpoint.json"
"GET","/xp2/mat/content/images/computer_256.jpg","static-resource","200","image/jpeg","","","","checkpoint.json"
"GET","/xp2/mat/content/images/computer2_256.jpg","static-resource","200","image/jpeg","","","","checkpoint.json"
"GET","/xp2/mat/content/images/inkjetprinter_256.jpg","static-resource","200","image/jpeg","","","","checkpoint.json"
"GET","/xp2/mat/content/images/keyboard_256.jpg","static-resource","200","image/jpeg","","","","checkpoint.json"
"GET","/xp2/mat/content/images/laptop_256.jpg","static-resource","200","image/jpeg","","","","checkpoint.json"
"GET","/xp2/mat/content/images/laserprinter_256.jpg","static-resource","200","image/jpeg","","","","checkpoint.json"
"GET","/xp2/mat/content/images/monitor_256.jpg","static-resource","200","image/jpeg","","","","checkpoint.json"
"GET","/xp2/mat/content/images/mouse_256.jpg","static-resource","200","image/jpeg","","","","checkpoint.json"
"GET","/xp2/mat/content/images/software_256.jpg","static-resource","200","image/jpeg","","","","checkpoint.json"